{
    "Attack0": {
        "AllScale Max": [
            0.0,
            0.0,
            0.0
        ],
        "AllScale Min": [
            0.0,
            0.0,
            0.0
        ],
        "Emit rotation": [
            0.0,
            0.0,
            0.0
        ],
        "Emit scale": [
            1.0,
            1.0,
            1.0
        ],
        "Emit translation": [
            39.54999923706055,
            9.800000190734863,
            -849.402099609375
        ],
        "Particle EndAcce": [
            0.0,
            0.0,
            0.0
        ],
        "Particle EndRote": [
            0.0,
            0.0,
            0.0
        ],
        "Particle EndScale": [
            3.0,
            3.0,
            3.0
        ],
        "Particle StartAcce": [
            0.0,
            0.0,
            0.0
        ],
        "Particle StartRote": [
            0.0,
            0.0,
            0.0
        ],
        "Particle StartScale": [
            1.0,
            1.0,
            1.0
        ],
        "RotationVelo Max": [
            0.07000000029802322,
            0.07000000029802322,
            0.07000000029802322
        ],
        "RotationVelo Min": [
            -0.07000000029802322,
            -0.07000000029802322,
            -0.07000000029802322
        ],
        "Scale Max": 0.0,
        "Scale Min": 0.0,
        "alphaMax": 1.0,
        "alphaMin": 1.0,
        "count": 10,
        "emitFrequency": 0.10000000149011612,
        "isAcceMultiply": false,
        "isAllRamdomScale": false,
        "isBillBoard": true,
        "isRamdomColor": true,
        "isRandomRotate": false,
        "isRandomScale": false,
        "isSinMove": false,
        "isVisible": true,
        "lifeTimeMax": 3.0,
        "lifeTimeMin": 1.0,
        "maxVelocity": [
            5.0,
            5.0,
            5.0
        ],
        "minVelocity": [
            -5.0,
            -5.0,
            -5.0
        ]
    }
}
