{
    "Attack1": {
        "AllScale Max": [
            0.0,
            0.0,
            0.0
        ],
        "AllScale Min": [
            0.0,
            0.0,
            0.0
        ],
        "Emit rotation": [
            0.0,
            0.0,
            0.0
        ],
        "Emit scale": [
            5.0,
            5.0,
            5.0
        ],
        "Emit translation": [
            46.328582763671875,
            0.020881958305835724,
            -25.87784767150879
        ],
        "Particle EndAcce": [
            0.0,
            0.0,
            0.0
        ],
        "Particle EndRote": [
            0.0,
            0.0,
            0.0
        ],
        "Particle EndScale": [
            1.0,
            1.0,
            1.0
        ],
        "Particle StartAcce": [
            0.0,
            0.0,
            0.0
        ],
        "Particle StartRote": [
            0.0,
            0.0,
            0.0
        ],
        "Particle StartScale": [
            10.0,
            10.0,
            10.0
        ],
        "RotationVelo Max": [
            0.07000000029802322,
            0.07000000029802322,
            0.07000000029802322
        ],
        "RotationVelo Min": [
            -0.07000000029802322,
            -0.07000000029802322,
            -0.07000000029802322
        ],
        "Scale Max": 8.0,
        "Scale Min": 6.0,
        "alphaMax": 1.0,
        "alphaMin": 1.0,
        "count": 50,
        "emitFrequency": 1.0,
        "isAcceMultiply": false,
        "isAllRamdomScale": false,
        "isBillBoard": true,
        "isRamdomColor": false,
        "isRandomRotate": false,
        "isRandomScale": true,
        "isSinMove": true,
        "isVisible": true,
        "lifeTimeMax": 0.6000000238418579,
        "lifeTimeMin": 0.20000000298023224,
        "maxVelocity": [
            50.0,
            50.0,
            50.0
        ],
        "minVelocity": [
            -50.0,
            -50.0,
            -50.0
        ]
    }
}
