{
    "Sakura": {
        "AllScale Max": [
            0.0,
            0.0,
            0.0
        ],
        "AllScale Min": [
            0.0,
            0.0,
            0.0
        ],
        "Emit rotation": [
            0.0,
            0.0,
            0.0
        ],
        "Emit scale": [
            102.5,
            -5.0,
            38.5
        ],
        "Emit translation": [
            0.0,
            112.30000305175781,
            0.0
        ],
        "Particle EndAcce": [
            1.2949999570846558,
            0.0,
            0.0
        ],
        "Particle EndRote": [
            0.0,
            0.0,
            0.0
        ],
        "Particle EndScale": [
            1.0,
            1.0,
            1.0
        ],
        "Particle StartAcce": [
            0.0,
            -0.5,
            0.0
        ],
        "Particle StartRote": [
            0.0,
            0.0,
            0.0
        ],
        "Particle StartScale": [
            1.0,
            1.0,
            1.0
        ],
        "RotationVelo Max": [
            0.07000000029802322,
            0.07000000029802322,
            0.07000000029802322
        ],
        "RotationVelo Min": [
            -0.07000000029802322,
            -0.07000000029802322,
            -0.07000000029802322
        ],
        "Scale Max": 1.0,
        "Scale Min": 1.0,
        "alphaMax": 1.0,
        "alphaMin": 1.0,
        "count": 10,
        "emitFrequency": 0.10000000149011612,
        "isAcceMultiply": false,
        "isAllRamdomScale": false,
        "isBillBoard": false,
        "isRamdomColor": true,
        "isRandomRotate": true,
        "isRandomScale": true,
        "isSinMove": false,
        "isVisible": false,
        "lifeTimeMax": 5.0,
        "lifeTimeMin": 5.0,
        "maxVelocity": [
            25.0,
            0.0,
            25.0
        ],
        "minVelocity": [
            -25.0,
            0.0,
            -25.0
        ]
    }
}
