{
    "Smoke1": {
        "AllScale Max": [
            0.0,
            0.0,
            0.0
        ],
        "AllScale Min": [
            0.0,
            0.0,
            0.0
        ],
        "Emit rotation": [
            0.0,
            0.0,
            0.0
        ],
        "Emit scale": [
            5.0,
            5.0,
            5.0
        ],
        "Emit translation": [
            57.08488845825195,
            -0.19019818305969238,
            -127.92395782470703
        ],
        "Particle EndAcce": [
            0.0,
            0.0,
            0.0
        ],
        "Particle EndRote": [
            0.0,
            0.0,
            0.0
        ],
        "Particle EndScale": [
            0.0,
            0.0,
            0.0
        ],
        "Particle StartAcce": [
            0.0,
            0.0,
            0.0
        ],
        "Particle StartRote": [
            0.0,
            0.0,
            0.0
        ],
        "Particle StartScale": [
            10.0,
            10.0,
            10.0
        ],
        "RotationVelo Max": [
            0.07000000029802322,
            0.07000000029802322,
            0.07000000029802322
        ],
        "RotationVelo Min": [
            -0.07000000029802322,
            -0.07000000029802322,
            -0.07000000029802322
        ],
        "Scale Max": 8.0,
        "Scale Min": 6.5,
        "alphaMax": 1.0,
        "alphaMin": 1.0,
        "count": 2,
        "emitFrequency": 0.10000000149011612,
        "isAcceMultiply": false,
        "isAllRamdomScale": false,
        "isBillBoard": true,
        "isRamdomColor": false,
        "isRandomRotate": false,
        "isRandomScale": true,
        "isSinMove": false,
        "isVisible": true,
        "lifeTimeMax": 3.0,
        "lifeTimeMin": 1.0,
        "maxVelocity": [
            1.0,
            1.0,
            1.0
        ],
        "minVelocity": [
            -1.0,
            -1.0,
            -1.0
        ]
    }
}
