# Blender 4.1.1
# www.blender.org
mtllib stage.mtl
o 円柱
v -317.891449 149.656540 335.172852
v 333.738373 0.255745 6.418603
v -3.387229 -0.529022 -479.649170
v 333.738373 0.255745 6.418602
v -3.387229 148.850540 372.969879
v -3.387229 -0.529022 -325.758148
v 332.125916 0.255745 22.790556
v 69.493095 148.850540 365.791748
v -3.387229 148.850540 -479.649170
v 332.125885 0.255745 22.790554
v 332.125916 71.446045 22.790556
v -270.509705 149.656540 374.057983
v 333.738373 53.411568 6.418603
v 139.572678 148.850540 344.533295
v 332.125885 71.446045 22.790554
v -270.509705 202.812408 374.057983
v 333.738373 53.411568 6.418602
v 330.513428 0.255745 39.162498
v 328.900940 0.255745 55.534462
v 204.158722 148.850540 310.011292
v 90.070007 -0.529022 -470.444427
v 260.768097 148.850540 263.552521
v 330.513367 0.255745 39.162498
v 60.047348 -0.529022 -319.510345
v 328.900879 0.255745 55.534458
v 307.226837 148.850540 206.943161
v 90.070007 148.850540 -470.444427
v 341.748840 148.850540 142.357117
v -302.097473 149.656540 348.134521
v 363.007294 148.850540 72.277550
v -286.303589 149.656540 361.096222
v 179.935745 -0.529022 -443.183838
v -286.303589 220.846893 361.096222
v 370.185486 148.850540 -0.602781
v -302.097473 220.846893 348.134521
v 121.044159 -0.529022 -301.007019
v 363.007294 148.850540 -73.483109
v 179.935745 148.850540 -443.183838
v 341.748840 148.850540 -143.562683
v 307.226837 148.850540 -208.148712
v 262.755981 -0.529022 -398.915039
v 260.768097 148.850540 -264.758087
v 177.259506 -0.529022 -270.959320
v 204.158722 148.850540 -311.216858
v 262.755981 148.850540 -398.915039
v 139.572678 148.850540 -345.738861
v 69.493095 148.850540 -366.997284
v 335.349274 -0.529022 -339.339233
v -3.387229 148.850540 -374.175446
v 226.532654 -0.529022 -230.522644
v -76.267555 148.850540 -366.997284
v -146.347122 148.850540 -345.738861
v 335.349274 148.850540 -339.339233
v -210.933151 148.850540 -311.216858
v -267.542542 148.850540 -264.758087
v 394.925018 -0.529022 -266.745972
v -314.001282 148.850540 -208.148712
v 266.969299 -0.529022 -181.249512
v -348.523285 148.850540 -143.562683
v 394.925018 148.850540 -266.745972
v -369.781738 148.850540 -73.483109
v -376.959900 148.850540 -0.602781
v 439.193848 -0.529022 -183.925735
v -369.781738 148.850540 72.277550
v 297.017029 -0.529022 -125.034172
v -348.523285 148.850540 142.357117
v 439.193848 148.850540 -183.925735
v -314.001282 148.850540 206.943161
v -267.542542 148.850540 263.552521
v 466.454437 -0.529022 -94.060013
v -210.933151 148.850540 310.011292
v 315.520325 -0.529022 -64.037354
v -146.347122 148.850540 344.533295
v 466.454437 148.850540 -94.060013
v -76.267555 148.850540 365.791748
v 475.659180 -0.529022 -0.602781
v 321.768158 -0.529022 -0.602781
v 475.659180 148.850540 -0.602781
v 466.454437 -0.529022 92.854446
v 315.520325 -0.529022 62.831791
v 466.454437 148.850540 92.854446
v 439.193848 -0.529022 182.720184
v 297.017029 -0.529022 123.828606
v 439.193848 148.850540 182.720184
v 266.969299 -0.529022 180.043945
v 394.925018 -0.529022 265.540405
v 394.925018 148.850540 265.540405
v 335.349274 -0.529022 338.133667
v 226.532654 -0.529022 229.317108
v 335.349274 148.850540 338.133667
v 262.755981 -0.529022 397.709473
v 177.259506 -0.529022 269.753754
v 262.755981 148.850540 397.709473
v 179.935745 -0.529022 441.978302
v 121.044159 -0.529022 299.801453
v 179.935745 148.850540 441.978302
v 60.047348 -0.529022 318.304779
v 90.070007 -0.529022 469.238892
v 90.070007 148.850540 469.238892
v -3.387229 -0.529022 324.552582
v -3.387229 -0.529022 478.443604
v -3.387229 148.850540 478.443604
v -66.821800 -0.529022 318.304779
v -96.844452 -0.529022 469.238892
v -96.844452 148.850540 469.238892
v -186.710175 -0.529022 441.978302
v -127.818611 -0.529022 299.801453
v -186.710175 148.850540 441.978302
v -269.530396 -0.529022 397.709473
v -184.033936 -0.529022 269.753754
v -269.530396 148.850540 397.709473
v -342.123688 -0.529022 338.133667
v -233.307083 -0.529022 229.317108
v -342.123688 148.850540 338.133667
v -401.699463 -0.529022 265.540405
v -273.743744 -0.529022 180.043945
v -401.699463 148.850540 265.540405
v -445.968292 -0.529022 182.720184
v -303.791473 -0.529022 123.828606
v -445.968292 148.850540 182.720184
v -322.294800 -0.529022 62.831791
v -473.228851 -0.529022 92.854446
v -473.228851 148.850540 92.854446
v -482.433624 -0.529022 -0.602781
v -328.542603 -0.529022 -0.602781
v -482.433624 148.850540 -0.602781
v -473.228851 -0.529022 -94.060013
v -322.294800 -0.529022 -64.037354
v -473.228851 148.850540 -94.060013
v -303.791473 -0.529022 -125.034172
v -445.968292 -0.529022 -183.925735
v -445.968292 148.850540 -183.925735
v -273.743744 -0.529022 -181.249512
v -401.699463 -0.529022 -266.745972
v -401.699463 148.850540 -266.745972
v -342.123688 -0.529022 -339.339233
v -233.307083 -0.529022 -230.522644
v -342.123688 148.850540 -339.339233
v -269.530396 -0.529022 -398.915039
v -184.033936 -0.529022 -270.959320
v -269.530396 148.850540 -398.915039
v -186.710175 -0.529022 -443.183838
v -127.818611 -0.529022 -301.007019
v -186.710175 148.850540 -443.183838
v -66.821800 -0.529022 -319.510345
v -96.844452 -0.529022 -470.444427
v -96.844452 148.850540 -470.444427
v -3.387229 79.665283 -325.758148
v 60.047348 79.665283 -319.510345
v 121.044159 79.665283 -301.007019
v 177.259506 79.665283 -270.959320
v 226.532654 79.665283 -230.522644
v 266.969299 79.665283 -181.249512
v 297.017029 79.665283 -125.034172
v 315.520325 79.665283 -64.037354
v 321.768158 79.665283 -0.602781
v 315.520325 79.665283 62.831791
v 297.017029 79.665283 123.828606
v 266.969299 79.665283 180.043945
v 226.532654 79.665283 229.317108
v 177.259506 79.665283 269.753754
v 121.044159 79.665283 299.801453
v 60.047348 79.665283 318.304779
v -3.387229 79.665283 324.552582
v -66.821800 79.665283 318.304779
v -127.818611 79.665283 299.801453
v -184.033936 79.665283 269.753754
v -233.307083 79.665283 229.317108
v -273.743744 79.665283 180.043945
v -303.791473 79.665283 123.828606
v -322.294800 79.665283 62.831791
v -328.542603 79.665283 -0.602781
v -322.294800 79.665283 -64.037354
v -303.791473 79.665283 -125.034172
v -273.743744 79.665283 -181.249512
v -233.307083 79.665283 -230.522644
v -184.033936 79.665283 -270.959320
v -127.818611 79.665283 -301.007019
v -66.821800 79.665283 -319.510345
v 319.382935 114.257912 133.092850
v 287.098053 114.257912 193.493576
v 190.709137 114.257912 289.882507
v 243.649994 114.257912 246.434433
v 339.263824 114.257912 67.554672
v 345.976776 114.257912 -0.602781
v 319.382935 114.257912 -134.298416
v 190.709137 114.257912 -291.088043
v 287.098053 114.257912 -194.699142
v 243.649994 114.257912 -247.639984
v -293.170349 113.051193 193.024384
v -249.827301 113.051193 245.837296
v -197.014389 113.051193 289.180359
v -346.038269 114.257912 -68.760239
v -352.751221 114.257912 -0.602781
v -346.038269 114.257912 67.554672
v -326.157379 114.257912 133.092850
v -326.157379 114.257912 -134.298416
v -293.872498 114.257912 -194.699142
v -197.483582 114.257912 -291.088043
v -250.424423 114.257912 -247.639984
v -137.082870 114.257912 -323.372925
v -71.544693 114.257912 -343.253815
v -3.387229 114.257912 -349.966797
v 64.770226 114.257912 -343.253815
v 130.308411 114.257912 -323.372925
v 339.263824 114.257912 -68.760239
v -137.082870 114.257912 322.167358
v -71.544693 114.257912 342.048248
v -3.387229 114.257912 348.761230
v 64.770226 114.257912 342.048248
v 130.308411 114.257912 322.167358
v 330.565887 131.554230 137.724991
v 297.162445 131.554230 200.218369
v 197.433929 131.554230 299.946899
v 252.209045 131.554230 254.993484
v 351.135529 131.554230 69.916107
v 358.081116 131.554230 -0.602781
v 330.565887 131.554230 -138.930557
v 197.433929 131.554230 -301.152466
v 297.162445 131.554230 -201.423935
v 252.209045 131.554230 -256.199036
v -303.585815 130.950867 199.983795
v -258.684875 130.950867 254.694885
v -203.973785 130.950867 299.595825
v -357.909973 131.554230 -71.121666
v -364.855560 131.554230 -0.602781
v -357.909973 131.554230 69.916107
v -337.340332 131.554230 137.724991
v 134.940536 131.554230 -334.555878
v 351.135529 131.554230 -71.121666
v -141.714996 131.554230 333.350342
v -73.906120 131.554230 353.919983
v -3.387229 131.554230 360.865540
v 67.131660 131.554230 353.919983
v 134.940536 131.554230 333.350342
v -337.340332 131.554230 -138.930557
v -303.936890 131.554230 -201.423935
v -204.208374 131.554230 -301.152466
v -258.983490 131.554230 -256.199036
v -141.714996 131.554230 -334.555878
v -73.906120 131.554230 -355.125549
v -3.387229 131.554230 -362.071106
v 67.131660 131.554230 -355.125549
v -283.808136 80.949249 -187.974319
v -190.758759 80.949249 -281.023712
v -241.866180 80.949249 -239.081741
v -314.974426 80.949249 -129.666306
v -334.166473 80.949249 -66.398796
v -340.646912 80.949249 -0.602781
v -334.166473 80.949249 65.193237
v -314.974426 80.949249 128.460739
v -283.457062 80.345886 186.534149
v -241.567581 80.345886 237.577576
v -190.524155 80.345886 279.467041
v -132.450745 80.949249 310.984436
v -69.183243 80.949249 330.176483
v -3.387229 80.949249 336.656891
v 62.408787 80.949249 330.176483
v 125.676292 80.949249 310.984436
v 277.033722 80.949249 186.768753
v 183.984314 80.949249 279.818146
v 235.091736 80.949249 237.876175
v 308.199982 80.949249 128.460739
v 327.392029 80.949249 65.193237
v 333.872467 80.949249 -0.602781
v 327.392029 80.949249 -66.398796
v 308.199982 80.949249 -129.666306
v 183.984314 80.949249 -281.023712
v 277.033722 80.949249 -187.974319
v 235.091736 80.949249 -239.081741
v 125.676292 80.949249 -312.190002
v 62.408787 80.949249 -331.382050
v -3.387229 80.949249 -337.862457
v -69.183243 80.949249 -331.382050
v -132.450745 80.949249 -312.190002
v 260.768097 252.419373 263.552521
v 307.226837 252.419373 206.943161
v -3.387229 252.419373 -479.649170
v 90.070007 252.419373 -470.444427
v 341.748840 252.419373 142.357117
v 363.007294 252.419373 72.277550
v 307.226837 252.419373 -208.148712
v 260.768097 252.419373 -264.758087
v 204.158722 252.419373 -311.216858
v 139.572678 252.419373 -345.738861
v -146.347122 252.419373 -345.738861
v -210.933151 252.419373 -311.216858
v -369.781738 252.419373 72.277550
v -348.523285 252.419373 142.357117
v 394.925018 252.419373 -266.745972
v 439.193848 252.419373 -183.925735
v -314.001282 252.419373 206.943161
v -267.542542 252.419373 263.552521
v 439.193848 252.419373 182.720184
v 394.925018 252.419373 265.540405
v 179.935745 252.419373 441.978302
v 90.070007 252.419373 469.238892
v -186.710175 252.419373 441.978302
v -269.530396 252.419373 397.709473
v -445.968292 252.419373 182.720184
v -473.228851 252.419373 92.854446
v -445.968292 252.419373 -183.925735
v -401.699463 252.419373 -266.745972
v -96.844452 252.419373 -470.444427
v -348.523285 252.419373 -143.562683
v -3.387229 252.419373 372.969879
v 69.493095 252.419373 365.791748
v 139.572678 252.419373 344.533295
v 204.158722 252.419373 310.011292
v 370.185486 252.419373 -0.602781
v 363.007294 252.419373 -73.483109
v 341.748840 252.419373 -143.562683
v -3.387229 252.419373 -374.175446
v -76.267555 252.419373 -366.997284
v 262.755981 252.419373 -398.915039
v 335.349274 252.419373 -339.339233
v -314.001282 252.419373 -208.148712
v -369.781738 252.419373 -73.483109
v -376.959900 252.419373 -0.602781
v -210.933151 252.419373 310.011292
v -76.267555 252.419373 365.791748
v 466.454437 252.419373 92.854446
v 262.755981 252.419373 397.709473
v -96.844452 252.419373 469.238892
v -401.699463 252.419373 265.540405
v -473.228851 252.419373 -94.060013
v -269.530396 252.419373 -398.915039
v -186.710175 252.419373 -443.183838
v 179.935745 252.419373 -443.183838
v -267.542542 252.419373 -264.758087
v 466.454437 252.419373 -94.060013
v 475.659180 252.419373 -0.602781
v 335.349274 252.419373 338.133667
v -3.387229 252.419373 478.443604
v -342.123688 252.419373 338.133667
v -482.433624 252.419373 -0.602781
v -342.123688 252.419373 -339.339233
v 69.493095 252.419373 -366.997284
v -146.347122 252.419373 344.533295
v -369.781738 228.848541 -73.483109
v -376.959900 228.848541 -0.602781
v 341.748840 228.848541 142.357117
v 363.007294 228.848541 72.277550
v -267.542542 228.848541 263.552521
v -210.933151 228.848541 310.011292
v 139.572678 228.848541 -345.738861
v 307.226837 228.848541 -208.148712
v 260.768097 228.848541 -264.758087
v 69.493095 228.848541 365.791748
v 139.572678 228.848541 344.533295
v -76.267555 228.848541 365.791748
v -3.387229 228.848541 372.969879
v 204.158722 228.848541 -311.216858
v -348.523285 228.848541 -143.562683
v -146.347122 228.848541 -345.738861
v -210.933151 228.848541 -311.216858
v 370.185486 228.848541 -0.602781
v 363.007294 228.848541 -73.483109
v 341.748840 228.848541 -143.562683
v 204.158722 228.848541 310.011292
v 260.768097 228.848541 263.552521
v 69.493095 228.848541 -366.997284
v -3.387229 228.848541 -374.175446
v -369.781738 228.848541 72.277550
v -348.523285 228.848541 142.357117
v 307.226837 228.848541 206.943161
v -76.267555 228.848541 -366.997284
v -314.001282 228.848541 206.943161
v -267.542542 228.848541 -264.758087
v -314.001282 228.848541 -208.148712
v -146.347122 228.848541 344.533295
v 233.574646 252.419373 236.359085
v 275.249786 252.419373 185.576797
v 306.217804 252.419373 127.639702
v 325.287842 252.419373 64.774673
v 275.249786 252.419373 -186.782364
v 233.574646 252.419373 -237.564651
v 182.792358 252.419373 -279.239777
v 121.443474 252.419373 -311.821472
v -131.629715 252.419373 -310.207794
v -189.566803 252.419373 -279.239777
v -332.062256 252.419373 64.774673
v -312.992218 252.419373 127.639702
v -282.024231 252.419373 185.576797
v -240.349091 252.419373 236.359085
v -3.387229 252.419373 334.511414
v 61.990227 252.419373 328.072296
v 124.855255 252.419373 309.002258
v 182.792358 252.419373 278.034241
v 331.726990 252.419373 -0.602781
v 325.287842 252.419373 -65.980240
v 306.217804 252.419373 -128.845261
v -3.387229 252.419373 -335.716980
v -68.764679 252.419373 -329.277863
v -282.024231 252.419373 -186.782364
v -314.605927 252.419373 -125.433487
v -332.062256 252.419373 -65.980240
v -338.501434 252.419373 -0.602781
v -189.566803 252.419373 278.034241
v -68.764679 252.419373 328.072296
v -311.720795 252.419373 -132.398788
v -240.349091 252.419373 -237.564651
v 128.408783 252.419373 -308.936340
v 61.990227 252.419373 -329.277863
v -131.629715 252.419373 309.002258
v -332.062256 228.848541 -65.980240
v 306.217804 228.848541 127.639702
v -240.349091 228.848541 236.359085
v 121.443474 228.848541 -311.821472
v 275.249786 228.848541 -186.782364
v 61.990227 228.848541 328.072296
v -68.764679 228.848541 328.072296
v 182.792358 228.848541 -279.239777
v -311.720795 228.848541 -132.398788
v -131.629715 228.848541 -310.207794
v 331.726990 228.848541 -0.602781
v 306.217804 228.848541 -128.845261
v 182.792358 228.848541 278.034241
v 61.990227 228.848541 -329.277863
v -332.062256 228.848541 64.774673
v 275.249786 228.848541 185.576797
v -68.764679 228.848541 -329.277863
v -282.024231 228.848541 185.576797
v -240.349091 228.848541 -237.564651
v -314.605927 228.848541 -125.433487
v -338.501434 228.848541 -0.602781
v 325.287842 228.848541 64.774673
v -189.566803 228.848541 278.034241
v 128.408783 228.848541 -308.936340
v 233.574646 228.848541 -237.564651
v 124.855255 228.848541 309.002258
v -3.387229 228.848541 334.511414
v -189.566803 228.848541 -279.239777
v 325.287842 228.848541 -65.980240
v 233.574646 228.848541 236.359085
v -3.387229 228.848541 -335.716980
v -312.992218 228.848541 127.639702
v -282.024231 228.848541 -186.782364
v -131.629715 228.848541 309.002258
v 13.439805 149.656540 476.786316
v 33.772987 149.656540 474.783691
v 74.439369 202.812408 470.778351
v 54.106277 149.656540 472.781006
v 74.439369 149.656540 470.778351
v 13.439805 202.812408 476.786316
v 33.772987 220.846893 474.783691
v 54.106277 220.846893 472.781006
v 3.151423 202.812408 372.325897
v 3.151423 149.656540 372.325897
v 64.150909 149.656540 366.317902
v 43.817822 149.656540 368.320587
v 23.484634 149.656540 370.323242
v 43.817822 220.846893 368.320587
v 23.484634 220.846893 370.323242
v 64.150909 202.812408 366.317902
v -81.213799 149.656540 -471.983917
v -20.214237 149.656540 -477.991882
v -40.547424 149.656540 -475.989258
v -60.880714 149.656540 -473.986572
v -60.880714 220.846893 -473.986572
v -40.547424 220.846893 -475.989258
v -70.925354 149.656540 -367.523468
v -50.592255 149.656540 -369.526154
v -30.259073 149.656540 -371.528778
v -9.925857 149.656540 -373.531464
v -50.592255 220.846893 -369.526154
v -30.259073 220.846893 -371.528778
v -78.089180 149.656540 -472.291656
v -37.422794 149.656540 -476.296997
v -57.756084 149.656540 -474.294342
v -20.214235 149.656540 -477.991882
v -20.214235 202.812408 -477.991882
v -81.213799 202.812408 -471.983917
v -65.574333 216.683746 -473.524261
v -29.169086 210.754868 -477.109924
v -43.672058 220.846893 -475.681458
v -9.925854 149.656540 -373.531464
v -70.925362 149.656540 -367.523468
v -70.925362 202.812408 -367.523468
v -9.925854 202.812408 -373.531464
v -21.403217 212.992218 -372.401062
v -50.828861 220.637039 -369.502808
v -64.297974 217.208405 -466.629486
v -51.473366 220.327957 -372.474213
v -24.666542 209.515350 -445.721375
v -24.949450 211.313995 -427.804413
v -65.816376 149.656540 -421.672516
v -25.150084 149.656540 -425.677856
v -45.483273 149.656540 -423.675171
v -45.833740 220.846893 -423.640686
v 13.439776 149.656540 -477.991882
v 13.439776 202.812408 -477.991882
v 74.439354 149.656540 -471.983917
v 54.106255 149.656540 -473.986572
v 33.772964 149.656540 -475.989258
v 33.772964 220.846893 -475.989258
v 74.439354 202.812408 -471.983917
v 54.106255 220.846893 -473.986572
v 3.151393 149.656540 -373.531464
v 23.484608 149.656540 -371.528778
v 43.817806 149.656540 -369.526154
v 64.150909 202.812408 -367.523468
v 64.150909 149.656540 -367.523468
v 3.151393 202.812408 -373.531464
v 23.484608 220.846893 -371.528778
v 43.817806 220.846893 -369.526154
v -81.213814 149.656540 470.778351
v -60.880714 149.656540 472.781006
v -20.214235 202.812408 476.786316
v -40.547428 149.656540 474.783691
v -20.214235 149.656540 476.786316
v -81.213814 202.812408 470.778351
v -60.880714 220.846893 472.781006
v -40.547428 220.846893 474.783691
v -70.925362 202.812408 366.317902
v -70.925362 149.656540 366.317902
v -9.925850 149.656540 372.325897
v -30.259064 149.656540 370.323242
v -50.592258 149.656540 368.320587
v -30.259064 220.846893 370.323242
v -50.592258 220.846893 368.320587
v -9.925850 202.812408 372.325897
v -171.160248 149.656540 446.695312
v -151.608398 149.656540 452.626282
v -112.504951 202.812408 464.488281
v -132.056473 149.656540 458.557281
v -112.504951 149.656540 464.488281
v -171.160248 202.812408 446.695312
v -151.608398 220.846893 452.626282
v -132.056473 220.846893 458.557281
v -140.690292 202.812408 346.249268
v -140.690292 149.656540 346.249268
v -82.034981 149.656540 364.042236
v -101.586861 149.656540 358.111206
v -121.138748 149.656540 352.180206
v -101.586861 220.846893 358.111206
v -121.138748 220.846893 352.180206
v -82.034981 202.812408 364.042236
v 105.730309 149.656540 -465.693939
v 105.730309 202.812408 -465.693939
v 164.385620 149.656540 -447.900879
v 144.833740 149.656540 -453.831879
v 125.281853 149.656540 -459.762878
v 125.281853 220.846893 -459.762878
v 164.385620 202.812408 -447.900879
v 144.833740 220.846893 -453.831879
v 75.260338 149.656540 -365.247833
v 94.812218 149.656540 -359.316833
v 114.364105 149.656540 -353.385834
v 133.915649 202.812408 -347.454865
v 133.915649 149.656540 -347.454865
v 75.260338 202.812408 -365.247833
v 94.812218 220.846893 -359.316833
v 114.364105 220.846893 -353.385834
v -171.160065 149.656540 -447.900879
v -171.160065 202.812408 -447.900879
v -112.504768 149.656540 -465.693939
v -132.056320 149.656540 -459.762878
v -151.608200 149.656540 -453.831879
v -151.608200 220.846893 -453.831879
v -112.504768 202.812408 -465.693939
v -132.056320 220.846893 -459.762878
v -140.690109 149.656540 -347.454865
v -121.138565 149.656540 -353.385834
v -101.586670 149.656540 -359.316833
v -82.034775 202.812408 -365.247833
v -82.034775 149.656540 -365.247833
v -140.690109 202.812408 -347.454865
v -121.138565 220.846893 -353.385834
v -101.586670 220.846893 -359.316833
v 105.730309 149.656540 464.488373
v 125.281860 149.656540 458.557312
v 164.385620 202.812408 446.695312
v 144.833755 149.656540 452.626312
v 164.385620 149.656540 446.695312
v 105.730309 202.812408 464.488373
v 125.281860 220.846893 458.557312
v 144.833755 220.846893 452.626312
v 75.260323 202.812408 364.042297
v 75.260323 149.656540 364.042297
v 133.915649 149.656540 346.249298
v 114.364105 149.656540 352.180267
v 94.812218 149.656540 358.111298
v 114.364105 220.846893 352.180267
v 94.812218 220.846893 358.111298
v 133.915649 202.812408 346.249298
v 193.806122 149.656540 434.564362
v 211.825241 149.656540 424.932922
v 247.862808 202.812408 405.670013
v 229.844360 149.656540 415.301483
v 247.862808 149.656540 405.670013
v 193.806122 202.812408 434.564362
v 211.825241 220.846893 424.932922
v 229.844360 220.846893 415.301483
v 144.325577 202.812408 341.992767
v 144.325577 149.656540 341.992767
v 198.382950 149.656540 313.098480
v 180.363846 149.656540 322.729919
v 162.344711 149.656540 332.361359
v 180.363846 220.846893 322.729919
v 162.344711 220.846893 332.361359
v 198.382950 202.812408 313.098480
v -254.637283 202.812408 -406.875580
v -254.637283 149.656540 -406.875580
v -200.580627 149.656540 -435.769867
v -218.599731 149.656540 -426.138458
v -236.618866 149.656540 -416.507050
v -236.618866 220.846893 -416.507050
v -200.580627 202.812408 -435.769867
v -218.599731 220.846893 -426.138458
v -205.157440 149.656540 -314.304047
v -187.138336 149.656540 -323.935425
v -169.119202 149.656540 -333.566895
v -151.100098 202.812408 -343.198303
v -151.100098 149.656540 -343.198303
v -205.157440 202.812408 -314.304047
v -187.138336 220.846893 -323.935425
v -169.119202 220.846893 -333.566895
v 193.806198 202.812408 -435.769867
v 193.806198 149.656540 -435.769867
v 247.862885 149.656540 -406.875580
v 229.844421 149.656540 -416.507050
v 211.825287 149.656540 -426.138458
v 211.825287 220.846893 -426.138458
v 247.862885 202.812408 -406.875580
v 229.844421 220.846893 -416.507050
v 144.325623 149.656540 -343.198303
v 162.344742 149.656540 -333.566895
v 180.363892 149.656540 -323.935425
v 198.383011 202.812408 -314.304047
v 198.383011 149.656540 -314.304047
v 144.325623 202.812408 -343.198303
v 162.344742 220.846893 -333.566895
v 180.363892 220.846893 -323.935425
v -254.637314 149.656540 405.670013
v -236.618835 149.656540 415.301483
v -200.580627 202.812408 434.564331
v -218.599731 149.656540 424.932892
v -200.580627 149.656540 434.564331
v -254.637314 202.812408 405.670013
v -236.618835 220.846893 415.301483
v -218.599731 220.846893 424.932892
v -205.157440 202.812408 313.098480
v -205.157440 149.656540 313.098480
v -151.100098 149.656540 341.992737
v -169.119202 149.656540 332.361328
v -187.138336 149.656540 322.729889
v -169.119202 220.846893 332.361328
v -187.138336 220.846893 322.729889
v -151.100098 202.812408 341.992737
v -262.506195 149.656540 267.685760
v -215.125183 149.656540 306.570984
v -230.919052 149.656540 293.609222
v -246.712326 149.656540 280.647491
v -230.919052 220.846893 293.609222
v -246.712326 220.846893 280.647491
v -215.125183 202.812408 306.570984
v 275.321106 202.812408 -388.603119
v 275.321106 149.656540 -388.603119
v 322.702820 149.656540 -349.717957
v 306.908905 149.656540 -362.679657
v 291.115051 149.656540 -375.641327
v 291.115051 220.846893 -375.641327
v 322.702820 202.812408 -349.717957
v 306.908905 220.846893 -362.679657
v 208.732193 149.656540 -307.463501
v 224.526077 149.656540 -294.501770
v 240.319351 149.656540 -281.539978
v 256.113220 202.812408 -268.578247
v 256.113220 149.656540 -268.578247
v 208.732193 202.812408 -307.463501
v 224.526077 220.846893 -294.501770
v 240.319351 220.846893 -281.539978
v -329.477051 149.656540 348.512543
v -313.683167 149.656540 361.474274
v -282.095398 202.812408 387.397675
v -297.889252 149.656540 374.435974
v -282.095398 149.656540 387.397675
v -329.477051 202.812408 348.512543
v -313.683167 220.846893 361.474274
v -297.889252 220.846893 374.435974
v -262.887451 149.656540 267.372864
v -262.887451 202.812408 267.372864
v -247.093552 220.846893 280.334595
v -231.300278 220.846893 293.296356
v -215.506424 149.656540 306.258118
v -228.150162 149.656540 295.881592
v -231.300278 149.656540 293.296356
v -243.943466 149.656540 282.919830
v -247.093552 149.656540 280.334595
v -259.737335 149.656540 269.958069
v -302.478729 149.656540 347.821686
v -270.890961 202.812408 373.745087
v -286.303589 220.411560 361.096222
v -270.890961 149.656540 373.745087
v -299.323944 220.846893 350.410736
v -286.684845 220.846893 360.783325
v -286.684845 149.656540 360.783325
v -248.305557 149.656540 328.939392
v -264.099274 149.656540 315.977448
v -279.893219 149.656540 303.015869
v -270.785645 220.846893 324.148682
v 275.320953 149.656540 387.397675
v 291.114807 149.656540 374.435974
v 322.702606 202.812408 348.512543
v 306.908691 149.656540 361.474274
v 322.702606 149.656540 348.512543
v 275.320953 202.812408 387.397675
v 291.114807 220.846893 374.435974
v 306.908691 220.846893 361.474274
v 208.731979 202.812408 306.258118
v 208.731979 149.656540 306.258118
v 256.113007 149.656540 267.372864
v 240.319122 149.656540 280.334595
v 224.525833 149.656540 293.296356
v 240.319122 220.846893 280.334595
v 224.525833 220.846893 293.296356
v 256.113007 202.812408 267.372864
v -329.477051 202.812408 -349.718079
v -329.477051 149.656540 -349.718079
v -282.095398 149.656540 -388.603241
v -297.889252 149.656540 -375.641510
v -313.683197 149.656540 -362.679840
v -313.683197 220.846893 -362.679840
v -282.095398 202.812408 -388.603241
v -297.889252 220.846893 -375.641510
v -262.887451 149.656540 -268.578430
v -247.093582 149.656540 -281.540161
v -231.300262 149.656540 -294.501892
v -215.506409 202.812408 -307.463654
v -215.506409 149.656540 -307.463654
v -262.887451 202.812408 -268.578430
v -247.093582 220.846893 -281.540161
v -231.300262 220.846893 -294.501892
v -390.549866 202.812408 -280.331818
v -390.549866 149.656540 -280.331818
v -351.664703 149.656540 -327.713501
v -364.626465 149.656540 -311.919586
v -377.588165 149.656540 -296.125671
v -377.588165 220.846893 -296.125671
v -351.664703 202.812408 -327.713501
v -364.626465 220.846893 -311.919586
v -309.410309 149.656540 -213.742828
v -296.448578 149.656540 -229.536682
v -283.486816 149.656540 -245.330017
v -270.525055 202.812408 -261.123871
v -270.525055 149.656540 -261.123871
v -309.410309 202.812408 -213.742828
v -296.448578 220.846893 -229.536682
v -283.486816 220.846893 -245.330017
v 344.890259 149.656540 326.507935
v 357.851990 149.656540 310.714081
v 383.775391 202.812408 279.126282
v 370.813690 149.656540 294.920166
v 383.775391 149.656540 279.126282
v 344.890259 202.812408 326.507935
v 357.851990 220.846893 310.714081
v 370.813690 220.846893 294.920166
v 263.750610 202.812408 259.918365
v 263.750610 149.656540 259.918365
v 302.635864 149.656540 212.537292
v 289.674103 149.656540 228.331146
v 276.712341 149.656540 244.124496
v 289.674103 220.846893 228.331146
v 276.712341 220.846893 244.124496
v 302.635864 202.812408 212.537292
v -351.664703 202.812408 326.507935
v -351.664703 149.656540 326.507935
v -390.549835 149.656540 279.126282
v -377.588104 149.656540 294.920166
v -364.626434 149.656540 310.714081
v -364.626434 220.846893 310.714081
v -390.549835 202.812408 279.126282
v -377.588104 220.846893 294.920166
v -270.525024 149.656540 259.918365
v -283.486786 149.656540 244.124496
v -296.448547 149.656540 228.331131
v -309.410248 202.812408 212.537292
v -309.410248 149.656540 212.537292
v -270.525024 202.812408 259.918365
v -283.486786 220.846893 244.124496
v -296.448547 220.846893 228.331131
v 383.775391 149.656540 -280.331848
v 370.813690 149.656540 -296.125732
v 344.890259 202.812408 -327.713501
v 357.851990 149.656540 -311.919617
v 344.890259 149.656540 -327.713501
v 383.775391 202.812408 -280.331848
v 370.813690 220.846893 -296.125732
v 357.851990 220.846893 -311.919617
v 302.635895 202.812408 -213.742828
v 302.635895 149.656540 -213.742828
v 263.750580 149.656540 -261.123932
v 276.712341 149.656540 -245.330048
v 289.674103 149.656540 -229.536682
v 276.712341 220.846893 -245.330048
v 289.674103 220.846893 -229.536682
v 263.750580 202.812408 -261.123932
v 430.688995 149.656540 -199.837021
v 421.057556 149.656540 -217.856140
v 401.794647 202.812408 -253.893845
v 411.426147 149.656540 -235.875244
v 401.794647 149.656540 -253.893845
v 430.688995 202.812408 -199.837021
v 421.057556 220.846893 -217.856140
v 411.426147 220.846893 -235.875244
v 338.117493 202.812408 -150.356476
v 338.117493 149.656540 -150.356476
v 309.223175 149.656540 -204.413834
v 318.854614 149.656540 -186.394730
v 328.486023 149.656540 -168.375595
v 318.854614 220.846893 -186.394730
v 328.486023 220.846893 -168.375595
v 309.223175 202.812408 -204.413834
v -408.569061 149.656540 252.688354
v -408.569061 202.812408 252.688354
v -437.463440 149.656540 198.631531
v -427.831970 149.656540 216.650604
v -418.200531 149.656540 234.669724
v -418.200531 220.846893 234.669724
v -437.463440 202.812408 198.631531
v -427.831970 220.846893 216.650604
v -315.997620 149.656540 203.208328
v -325.628998 149.656540 185.189224
v -335.260437 149.656540 167.170105
v -344.891876 202.812408 149.150970
v -344.891876 149.656540 149.150970
v -315.997620 202.812408 203.208328
v -325.628998 220.846893 185.189224
v -335.260437 220.846893 167.170105
v 401.794617 149.656540 252.688370
v 411.426086 149.656540 234.669724
v 430.688995 202.812408 198.631531
v 421.057526 149.656540 216.650604
v 430.688995 149.656540 198.631531
v 401.794617 202.812408 252.688370
v 411.426086 220.846893 234.669724
v 421.057526 220.846893 216.650604
v 309.223145 202.812408 203.208328
v 309.223145 149.656540 203.208328
v 338.117432 149.656540 149.150970
v 328.485992 149.656540 167.170105
v 318.854584 149.656540 185.189224
v 328.485992 220.846893 167.170105
v 318.854584 220.846893 185.189224
v 338.117432 202.812408 149.150970
v -437.463440 202.812714 -199.837067
v -437.463440 149.656876 -199.837067
v -408.569061 149.656876 -253.893936
v -418.200531 149.656876 -235.875259
v -427.831970 149.656876 -217.856171
v -427.831970 220.847229 -217.856171
v -408.569061 202.812714 -253.893936
v -418.200531 220.847229 -235.875259
v -344.891876 149.656876 -150.356522
v -335.260437 149.656876 -168.375656
v -325.628998 149.656876 -186.394791
v -315.997620 202.812714 -204.413879
v -315.997620 149.656876 -204.413879
v -344.891876 202.812714 -150.356522
v -335.260437 220.847229 -168.375656
v -325.628998 220.847229 -186.394791
v -468.648468 149.656876 -109.159370
v -468.648468 202.812714 -109.159370
v -450.855438 149.656876 -167.814804
v -456.786499 149.656876 -148.262924
v -462.717499 149.656876 -128.711060
v -462.717499 220.847229 -128.711060
v -450.855438 202.812714 -167.814804
v -456.786499 220.847229 -148.262924
v -368.202423 149.656876 -78.689384
v -362.271484 149.656876 -98.241280
v -356.340393 149.656876 -117.793167
v -350.409393 202.812714 -137.344849
v -350.409393 149.656876 -137.344849
v -368.202423 202.812714 -78.689384
v -362.271484 220.847229 -98.241280
v -356.340393 220.847229 -117.793167
v 444.080963 149.656876 166.609375
v 450.011993 149.656876 147.057510
v 461.873993 202.812714 107.953957
v 455.943024 149.656876 127.505638
v 461.873993 149.656876 107.953957
v 444.080963 202.812714 166.609375
v 450.011993 220.847229 147.057510
v 455.943024 220.847229 127.505638
v 343.634949 202.812714 136.139450
v 343.634949 149.656876 136.139450
v 361.427948 149.656876 77.483978
v 355.496979 149.656876 97.035851
v 349.565948 149.656876 116.587761
v 355.496979 220.847229 97.035851
v 349.565948 220.847229 116.587761
v 361.427948 202.812714 77.483978
v -450.855408 149.656876 166.609375
v -450.855408 202.812714 166.609375
v -468.648438 149.656876 107.953949
v -462.717468 149.656876 127.505638
v -456.786407 149.656876 147.057526
v -456.786407 220.847229 147.057526
v -468.648438 202.812714 107.953949
v -462.717468 220.847229 127.505638
v -350.409393 149.656876 136.139450
v -356.340363 149.656876 116.587746
v -368.202393 202.812714 77.483978
v -362.271423 149.656876 97.035851
v -368.202393 149.656876 77.483978
v -350.409393 202.812714 136.139450
v -356.340363 220.847229 116.587746
v -362.271423 220.847229 97.035851
v 461.873993 149.656876 -109.159515
v 455.943024 149.656876 -128.711212
v 444.080963 202.812714 -167.814957
v 450.011993 149.656876 -148.263092
v 444.080963 149.656876 -167.814957
v 461.873993 202.812714 -109.159515
v 455.943024 220.847229 -128.711212
v 450.011993 220.847229 -148.263092
v 361.427948 202.812714 -78.689545
v 361.427948 149.656876 -78.689545
v 343.634918 149.656876 -137.345016
v 349.565948 149.656876 -117.793312
v 355.496979 149.656876 -98.241409
v 355.496979 220.847229 -98.241409
v 343.634918 202.812714 -137.345016
v 349.565948 220.847229 -117.793312
v -474.828613 202.812714 76.612122
v -474.828613 149.656876 76.612122
v -480.836578 149.656876 15.612412
v -478.833893 149.656876 35.945652
v -476.831268 149.656876 56.278942
v -476.831268 220.847229 56.278942
v -480.836578 202.812714 15.612412
v -478.833893 220.847229 35.945652
v -370.368134 149.656876 66.323685
v -372.370819 149.656876 45.990482
v -374.373505 149.656876 25.657242
v -376.376160 202.812714 5.323994
v -376.376160 149.656876 5.323994
v -370.368134 202.812714 66.323685
v -372.370819 220.847229 45.990482
v -374.373505 220.847229 25.657242
v -480.836609 202.812714 -16.817974
v -480.836609 149.656876 -16.817974
v -474.828613 149.656876 -77.817696
v -476.831268 149.656876 -57.484501
v -478.833893 149.656876 -37.151215
v -478.833893 220.847229 -37.151215
v -474.828613 202.812714 -77.817696
v -476.831268 220.847229 -57.484501
v -376.376160 149.656876 -6.529554
v -374.373505 149.656876 -26.862803
v -372.370819 149.656876 -47.196049
v -370.368134 202.812714 -67.529251
v -370.368134 149.656876 -67.529251
v -376.376160 202.812714 -6.529554
v -374.373505 220.847229 -26.862803
v -372.370819 220.847229 -47.196049
v 468.054169 149.656876 76.612129
v 470.056854 149.656876 56.278942
v 474.062164 202.812714 15.612411
v 472.059448 149.656876 35.945652
v 474.062164 149.656876 15.612411
v 468.054169 202.812714 76.612129
v 470.056854 220.847229 56.278942
v 472.059448 220.847229 35.945652
v 363.593719 202.812714 66.323692
v 363.593719 149.656876 66.323692
v 369.601715 149.656876 5.323989
v 367.599060 149.656876 25.657238
v 365.596375 149.656876 45.990482
v 367.599060 220.847229 25.657238
v 365.596375 220.847229 45.990482
v 369.601715 202.812714 5.323989
v 474.062164 149.656876 -16.817974
v 472.059448 149.656876 -37.151215
v 468.054169 202.812714 -77.817711
v 470.056854 149.656876 -57.484501
v 468.054169 149.656876 -77.817711
v 474.062164 202.812714 -16.817974
v 472.059448 220.847229 -37.151215
v 470.056854 220.847229 -57.484501
v 369.601715 202.812714 -6.529551
v 369.601715 149.656876 -6.529551
v 363.593719 149.656876 -67.529259
v 365.596375 149.656876 -47.196053
v 367.599060 149.656876 -26.862803
v 365.596375 220.847229 -47.196053
v 367.599060 220.847229 -26.862803
v 363.593719 202.812714 -67.529259
v -74.955170 53.411598 -472.600342
v -58.583267 71.446091 -474.212860
v -74.955170 0.255737 -472.600342
v -58.583267 0.255737 -474.212860
v -25.839373 53.411598 -477.437866
v -25.839373 0.255737 -477.437866
v -42.211300 0.255737 -475.825378
v -42.211300 71.446091 -475.825378
v -59.943909 0.255737 -320.187775
v -59.943909 53.411598 -320.187775
v -10.828069 0.255737 -325.025299
v -27.200008 0.255737 -323.412781
v -43.571934 0.255737 -321.800293
v -43.571934 71.446091 -321.800293
v -10.828069 53.411598 -325.025299
v -27.200008 71.446091 -323.412781
v 51.808830 71.446091 473.007324
v 68.180740 53.411598 471.394775
v 19.064934 0.255737 476.232300
v 35.436871 0.255737 474.619812
v 19.064934 53.411598 476.232300
v 51.808830 0.255737 473.007324
v 68.180740 0.255737 471.394775
v 35.436871 71.446091 474.619812
v 4.053635 53.411598 323.819733
v 4.053635 0.255737 323.819733
v 53.169468 0.255737 318.982208
v 36.797504 0.255737 320.594727
v 20.425575 0.255737 322.207184
v 20.425575 71.446091 322.207184
v 53.169468 53.411598 318.982208
v 36.797504 71.446091 320.594727
v -42.211330 71.446091 474.619812
v -25.839392 53.411598 476.232300
v -74.955200 0.255737 471.394775
v -58.583290 0.255737 473.007324
v -74.955200 53.411598 471.394775
v -42.211330 0.255737 474.619812
v -25.839392 0.255737 476.232300
v -58.583290 71.446091 473.007324
v -59.943928 53.411598 318.982208
v -59.943928 0.255737 318.982208
v -10.828089 0.255737 323.819733
v -27.200031 0.255737 322.207184
v -43.571968 0.255737 320.594727
v -43.571968 71.446091 320.594727
v -10.828089 53.411598 323.819733
v -27.200031 71.446091 322.207184
v 19.064932 53.411598 -477.437866
v 35.436871 71.446091 -475.825378
v 19.064932 0.255737 -477.437866
v 35.436871 0.255737 -475.825378
v 68.180748 53.411598 -472.600342
v 68.180748 0.255737 -472.600342
v 51.808830 0.255737 -474.212860
v 51.808830 71.446091 -474.212860
v 4.053629 0.255737 -325.025299
v 4.053629 53.411598 -325.025299
v 53.169468 0.255737 -320.187775
v 36.797504 0.255737 -321.800293
v 20.425575 0.255737 -323.412781
v 20.425575 71.446091 -323.412781
v 53.169468 53.411598 -320.187775
v 36.797504 71.446091 -321.800293
v 112.139359 53.411598 -463.749756
v 127.882034 71.446091 -458.974182
v 112.139359 0.255737 -463.749756
v 127.882034 0.255737 -458.974182
v 159.367645 53.411598 -449.423065
v 159.367645 0.255737 -449.423065
v 143.624832 0.255737 -454.198669
v 143.624832 71.446091 -454.198669
v 200.317978 53.411598 -432.289185
v 214.826599 71.446091 -424.534149
v 200.317978 0.255737 -432.289185
v 214.826599 0.255737 -424.534149
v 243.843613 53.411598 -409.023987
v 243.843613 0.255737 -409.023987
v 229.335220 0.255737 -416.779083
v 229.335220 71.446091 -416.779083
v 67.682266 0.255737 -317.194305
v 67.682266 53.411598 -317.194305
v 114.910660 0.255737 -302.867676
v 99.167862 0.255737 -307.643219
v 83.425056 0.255737 -312.418732
v 83.425056 71.446091 -312.418732
v 114.910660 53.411598 -302.867676
v 99.167862 71.446091 -307.643219
v 128.123581 0.255737 -297.223022
v 128.123581 53.411598 -297.223022
v 171.649536 0.255737 -273.957916
v 157.140869 0.255737 -281.712952
v 142.632217 0.255737 -289.467957
v 142.632217 71.446091 -289.467957
v 171.649536 53.411598 -273.957916
v 157.140869 71.446091 -281.712952
v -134.656631 71.446053 457.768585
v -118.913956 53.411568 462.544128
v -166.142197 0.255737 448.217468
v -150.399414 0.255737 452.993073
v -166.142197 53.411568 448.217468
v -134.656631 0.255737 457.768585
v -118.913956 0.255737 462.544128
v -150.399414 71.446053 452.993073
v -221.601105 71.446045 423.328522
v -207.092484 53.411568 431.083588
v -250.618103 0.255745 407.818390
v -236.109711 0.255745 415.573456
v -250.618103 53.411568 407.818390
v -221.601105 0.255745 423.328522
v -207.092484 0.255745 431.083588
v -236.109711 71.446045 415.573456
v -121.685204 53.411568 301.662079
v -121.685204 0.255737 301.662079
v -74.456848 0.255737 315.988647
v -90.199638 0.255737 311.213135
v -105.942429 0.255737 306.437622
v -90.199638 71.446053 311.213135
v -105.942429 71.446053 306.437622
v -74.456848 53.411568 315.988647
v -178.424026 53.411568 272.752319
v -178.424026 0.255745 272.752319
v -134.898132 0.255745 296.017395
v -149.406754 0.255745 288.262360
v -163.915405 0.255745 280.507324
v -149.406754 71.446045 288.262360
v -163.915405 71.446045 280.507324
v -134.898132 53.411568 296.017395
v 229.335266 71.446045 415.573456
v 243.843719 53.411568 407.818390
v 200.318039 0.255745 431.083588
v 214.826660 0.255745 423.328522
v 200.318039 53.411568 431.083588
v 229.335266 0.255745 415.573456
v 243.843719 0.255745 407.818390
v 214.826660 71.446045 423.328522
v 143.624954 71.446053 452.993073
v 159.367737 53.411568 448.217468
v 112.139481 0.255737 462.544128
v 127.882202 0.255737 457.768585
v 112.139481 53.411568 462.544128
v 143.624954 0.255737 452.993073
v 159.367737 0.255737 448.217468
v 127.882202 71.446053 457.768585
v 128.123672 53.411568 296.017395
v 128.123672 0.255745 296.017395
v 171.649597 0.255745 272.752319
v 157.140930 0.255745 280.507324
v 142.632309 0.255745 288.262360
v 157.140930 71.446045 280.507324
v 142.632309 71.446045 288.262360
v 171.649597 53.411568 272.752319
v 67.682396 53.411568 315.988647
v 67.682396 0.255737 315.988647
v 114.910744 0.255737 301.662079
v 99.167976 0.255737 306.437622
v 83.425179 0.255737 311.213135
v 99.167976 71.446053 306.437622
v 83.425179 71.446053 311.213135
v 114.910744 53.411568 301.662079
v -250.618134 53.411568 -409.023956
v -236.109711 71.446045 -416.779022
v -250.618134 0.255745 -409.023956
v -236.109711 0.255745 -416.779022
v -207.092484 53.411568 -432.289154
v -207.092484 0.255745 -432.289154
v -221.601105 0.255745 -424.534058
v -221.601105 71.446045 -424.534058
v -166.142197 53.411568 -449.423035
v -150.399429 71.446053 -454.198608
v -166.142197 0.255737 -449.423035
v -150.399429 0.255737 -454.198608
v -118.913948 53.411568 -463.749695
v -118.913948 0.255737 -463.749695
v -134.656662 0.255737 -458.974121
v -134.656662 71.446053 -458.974121
v -178.424026 0.255745 -273.957886
v -178.424026 53.411568 -273.957886
v -134.898132 0.255745 -297.222961
v -149.406754 0.255745 -289.467926
v -163.915405 0.255745 -281.712891
v -163.915405 71.446045 -281.712891
v -134.898132 53.411568 -297.222961
v -149.406754 71.446045 -289.467926
v -121.685204 0.255737 -302.867615
v -121.685204 53.411568 -302.867615
v -74.456848 0.255737 -317.194244
v -90.199631 0.255737 -312.418701
v -105.942429 0.255737 -307.643158
v -105.942429 71.446053 -307.643158
v -74.456848 53.411568 -317.194244
v -90.199631 71.446053 -312.418701
v -387.322235 53.411568 -284.264648
v -376.885742 71.446045 -296.981628
v -387.322235 0.255745 -284.264648
v -376.885742 0.255745 -296.981628
v -356.012726 53.411568 -322.415497
v -356.012726 0.255745 -322.415497
v -366.449219 0.255745 -309.698547
v -366.449219 71.446045 -309.698547
v -326.199341 53.411568 -352.408081
v -313.482422 71.446053 -362.844543
v -326.199341 0.255737 -352.408081
v -313.482422 0.255737 -362.844543
v -288.048553 53.411568 -383.717621
v -288.048553 0.255737 -383.717621
v -300.765503 0.255737 -373.281067
v -300.765503 71.446053 -373.281067
v -268.936035 0.255745 -187.107788
v -268.936035 53.411568 -187.107788
v -237.626968 0.255745 -225.258804
v -248.063202 0.255745 -212.541794
v -258.499634 0.255745 -199.824799
v -258.499634 71.446045 -199.824799
v -237.626968 53.411568 -225.258804
v -248.063202 71.446045 -212.541794
v -229.042694 0.255737 -234.022308
v -229.042694 53.411568 -234.022308
v -190.891693 0.255737 -265.331390
v -203.608704 0.255737 -254.894974
v -216.325699 0.255737 -244.458527
v -216.325699 71.446053 -244.458527
v -203.608704 71.446053 -254.894974
v -190.891693 53.411568 -265.331390
v 370.111084 71.446045 295.776306
v 380.547607 53.411568 283.059387
v 349.238068 0.255745 321.210144
v 359.674561 0.255745 308.493225
v 349.238068 53.411568 321.210144
v 370.111084 0.255745 295.776306
v 380.547607 0.255745 283.059387
v 359.674561 71.446045 308.493225
v 306.707764 71.446053 361.639160
v 319.424652 53.411568 351.202698
v 281.273895 0.255737 382.512177
v 293.990814 0.255737 372.075714
v 281.273895 53.411568 382.512177
v 306.707764 0.255737 361.639160
v 319.424652 0.255737 351.202698
v 293.990814 71.446053 372.075714
v 230.852325 53.411568 224.053482
v 230.852325 0.255745 224.053482
v 262.161438 0.255745 185.902481
v 251.724960 0.255745 198.619507
v 241.288589 0.255745 211.336487
v 241.288589 71.446045 211.336487
v 262.161438 53.411568 185.902481
v 251.724960 71.446045 198.619507
v 184.117020 53.411568 264.126007
v 184.117020 0.255737 264.126007
v 222.268021 0.255737 232.816940
v 209.551010 0.255737 243.253189
v 196.834015 0.255737 253.689606
v 209.551010 71.446053 243.253189
v 196.834015 71.446053 253.689606
v 222.268021 53.411568 232.816940
v -300.765259 71.446053 372.075714
v -288.048340 53.411568 382.512177
v -326.199097 0.255737 351.202698
v -313.482208 0.255737 361.639160
v -326.199097 53.411568 351.202698
v -300.765259 0.255737 372.075714
v -288.048340 0.255737 382.512177
v -313.482208 71.446053 361.639160
v -356.012512 53.411568 321.210144
v -366.448975 71.446045 308.493225
v -356.012512 0.255745 321.210144
v -366.448975 0.255745 308.493225
v -387.322021 53.411568 283.059387
v -387.322021 0.255745 283.059387
v -376.885529 0.255745 295.776306
v -376.885529 71.446045 295.776306
v -229.042465 53.411568 232.816940
v -229.042465 0.255737 232.816940
v -190.891449 0.255737 264.126007
v -203.608459 0.255737 253.689606
v -216.325455 0.255737 243.253189
v -216.325455 71.446053 243.253189
v -190.891449 53.411568 264.126007
v -203.608459 71.446053 253.689606
v -237.626770 0.255745 224.053482
v -237.626770 53.411568 224.053482
v -268.935883 0.255745 185.902466
v -258.499420 0.255745 198.619507
v -248.063034 0.255745 211.336487
v -248.063034 71.446045 211.336487
v -268.935883 53.411568 185.902466
v -258.499420 71.446045 198.619507
v 281.273895 53.411568 -383.717743
v 293.990814 71.446053 -373.281281
v 281.273895 0.255737 -383.717743
v 293.990814 0.255737 -373.281281
v 319.424652 53.411568 -352.408264
v 319.424652 0.255737 -352.408264
v 306.707764 0.255737 -362.844727
v 306.707764 71.446053 -362.844727
v 359.674530 71.446045 -309.698792
v 349.238068 53.411568 -322.415710
v 380.547607 0.255745 -284.264923
v 370.111084 0.255745 -296.981873
v 380.547607 53.411568 -284.264923
v 359.674530 0.255745 -309.698792
v 349.238068 0.255745 -322.415710
v 370.111084 71.446045 -296.981873
v 184.117004 0.255737 -265.331573
v 184.117004 53.411568 -265.331573
v 222.268021 0.255737 -234.022491
v 196.834015 0.255737 -254.895203
v 209.551010 0.255737 -244.458771
v 196.834015 71.446053 -254.895203
v 222.268021 53.411568 -234.022491
v 209.551010 71.446053 -244.458771
v 262.161438 53.411568 -187.108017
v 262.161438 0.255745 -187.108017
v 230.852325 0.255745 -225.259064
v 241.288589 0.255745 -212.542053
v 251.724991 0.255745 -199.825073
v 241.288589 71.446045 -212.542053
v 251.724991 71.446045 -199.825073
v 230.852325 53.411568 -225.259064
v 412.458191 71.446053 -233.944168
v 404.703094 53.411568 -248.452652
v 427.968292 0.255737 -204.926956
v 420.213257 0.255737 -219.435562
v 427.968292 53.411568 -204.926956
v 412.458191 0.255737 -233.944168
v 404.703094 0.255737 -248.452652
v 420.213257 71.446053 -219.435562
v 450.576569 71.446045 -146.402039
v 445.800995 53.411568 -162.144821
v 460.127655 0.255745 -114.916527
v 455.352081 0.255745 -130.659256
v 460.127655 53.411568 -114.916527
v 445.800995 0.255745 -162.144821
v 450.576569 0.255745 -146.402039
v 455.352081 71.446045 -130.659256
v 292.902161 53.411568 -132.732559
v 292.902161 0.255737 -132.732559
v 269.637085 0.255737 -176.258453
v 277.392120 0.255737 -161.749863
v 285.147095 0.255737 -147.241180
v 277.392120 71.446053 -161.749863
v 285.147095 71.446053 -147.241180
v 269.637085 53.411568 -176.258453
v 313.572205 53.411568 -70.459389
v 313.572205 0.255745 -70.459389
v 299.245575 0.255745 -117.687759
v 304.021118 0.255745 -101.944969
v 308.796631 0.255745 -86.202187
v 304.021118 71.446045 -101.944969
v 308.796631 71.446045 -86.202187
v 299.245575 53.411568 -117.687759
v -411.477386 53.411568 247.247406
v -419.232452 71.446053 232.738922
v -411.477386 0.255737 247.247406
v -419.232452 0.255737 232.738922
v -434.742584 53.411568 203.721695
v -434.742584 0.255737 203.721695
v -426.987518 0.255737 218.230301
v -426.987518 71.446053 218.230301
v -452.575378 53.411568 160.939590
v -457.350891 71.446045 145.196808
v -452.575378 0.255745 160.939590
v -457.350891 0.255745 145.196808
v -466.902008 53.411568 113.711288
v -466.902008 0.255745 113.711288
v -462.126404 0.255745 129.454025
v -462.126404 71.446045 129.454025
v -276.411377 0.255737 175.053207
v -276.411377 53.411568 175.053207
v -299.676422 0.255737 131.527298
v -291.921387 0.255737 146.035950
v -284.166351 0.255737 160.544586
v -284.166351 71.446053 160.544586
v -299.676422 53.411568 131.527298
v -291.921387 71.446053 146.035950
v -306.019928 0.255745 116.482498
v -306.019928 53.411568 116.482498
v -320.346588 0.255745 69.254158
v -315.571045 0.255745 84.996933
v -310.795502 0.255745 100.739731
v -310.795502 71.446045 100.739731
v -320.346588 53.411568 69.254158
v -315.571045 71.446045 84.996933
v 455.351959 71.446045 129.454025
v 460.127563 53.411568 113.711288
v 445.800903 0.255745 160.939590
v 450.576447 0.255745 145.196808
v 445.800903 53.411568 160.939590
v 460.127563 0.255745 113.711288
v 455.351959 0.255745 129.454025
v 450.576447 71.446045 145.196808
v 420.213074 71.446053 218.230301
v 427.968170 53.411568 203.721695
v 404.702972 0.255737 247.247406
v 412.458008 0.255737 232.738922
v 404.702972 53.411568 247.247406
v 420.213074 0.255737 218.230301
v 427.968170 0.255737 203.721695
v 412.458008 71.446053 232.738922
v 299.245453 53.411568 116.482491
v 299.245453 0.255745 116.482491
v 313.572113 0.255745 69.254150
v 308.796570 0.255745 84.996933
v 304.021057 0.255745 100.739731
v 308.796570 71.446045 84.996933
v 304.021057 71.446045 100.739731
v 313.572113 53.411568 69.254150
v 269.636932 53.411568 175.053207
v 269.636932 0.255737 175.053207
v 292.901978 0.255737 131.527298
v 285.146973 0.255737 146.035950
v 277.391937 0.255737 160.544586
v 285.146973 71.446053 146.035950
v 277.391937 71.446053 160.544586
v 292.901978 53.411568 131.527298
v -466.902008 53.411568 -114.916840
v -462.126404 71.446045 -130.659592
v -466.902008 0.255745 -114.916840
v -462.126404 0.255745 -130.659592
v -452.575348 53.411568 -162.145157
v -452.575348 0.255745 -162.145157
v -457.350891 0.255745 -146.402374
v -457.350891 71.446045 -146.402374
v -434.742584 53.411568 -204.927261
v -426.987518 71.446053 -219.435867
v -434.742584 0.255737 -204.927261
v -426.987518 0.255737 -219.435867
v -411.477386 53.411568 -248.452988
v -411.477386 0.255737 -248.452988
v -419.232452 0.255737 -233.944473
v -419.232452 71.446053 -233.944473
v -320.346588 0.255745 -70.459717
v -320.346588 53.411568 -70.459717
v -306.019867 0.255745 -117.688057
v -310.795502 0.255745 -101.945282
v -315.571045 0.255745 -86.202499
v -315.571045 71.446045 -86.202499
v -306.019867 53.411568 -117.688057
v -310.795502 71.446045 -101.945282
v -299.676422 0.255737 -132.732864
v -299.676422 53.411568 -132.732864
v -276.411377 0.255737 -176.258774
v -284.166351 0.255737 -161.750153
v -291.921387 0.255737 -147.241516
v -291.921387 71.446053 -147.241516
v -276.411377 53.411568 -176.258774
v -284.166351 71.446053 -161.750153
v -480.321686 53.411568 -22.045425
v -478.709229 71.446045 -38.417377
v -480.321686 0.255745 -22.045425
v -478.709229 0.255745 -38.417377
v -475.484192 53.411568 -71.161270
v -475.484192 0.255745 -71.161270
v -477.096680 0.255745 -54.789326
v -477.096680 71.446045 -54.789326
v -327.909149 0.255745 -7.034085
v -327.909149 53.411568 -7.034085
v -323.071625 0.255745 -56.149937
v -324.684082 0.255745 -39.777981
v -326.296661 0.255745 -23.406042
v -326.296661 71.446045 -23.406042
v -323.071625 53.411568 -56.149937
v -324.684082 71.446045 -39.777981
v 471.998291 71.446045 36.566792
v 468.773285 0.255745 69.310692
v 470.385803 0.255745 52.938747
v 471.998291 0.255745 36.566792
v 473.610779 0.255745 20.194845
v 473.610779 0.255745 20.194845
v 473.610779 53.411568 20.194845
v 472.660187 64.043411 29.846581
v 333.738373 53.411568 6.418605
v 333.738373 0.255745 6.418605
v 332.125916 71.446045 22.790556
v 332.125916 71.446045 22.790558
v 401.537628 71.446045 29.627014
v 429.692566 65.927727 27.341848
v 332.125916 0.255745 22.790558
v 401.537628 0.255745 29.627014
v 470.015778 71.446045 -57.901493
v 468.403168 53.411568 -74.273949
v 473.240845 0.255745 -25.156603
v 471.628296 0.255745 -41.529053
v 473.240845 53.411568 -25.156603
v 470.015778 0.255745 -57.901493
v 468.403168 0.255745 -74.273949
v 471.628296 71.446045 -41.529053
v 320.944977 53.411568 -8.960710
v 320.944977 0.255745 -8.960710
v 316.107269 0.255745 -58.078045
v 317.719818 0.255745 -41.705593
v 319.332367 0.255745 -25.333157
v 319.332367 71.446045 -25.333157
v 316.107269 53.411568 -58.078045
v 317.719818 71.446045 -41.705593
v -475.169067 53.411568 73.155090
v -476.781647 71.446045 56.782650
v -475.169067 0.255745 73.155090
v -476.781647 0.255745 56.782650
v -480.006744 53.411568 24.037746
v -480.006744 0.255745 24.037746
v -478.394196 0.255745 40.410210
v -478.394196 71.446045 40.410210
v -322.873169 0.255745 56.959190
v -322.873169 53.411568 56.959190
v -327.710846 0.255745 7.841846
v -326.098328 0.255745 24.214304
v -324.485748 0.255745 40.586735
v -324.485748 71.446045 40.586735
v -326.098328 71.446045 24.214304
v -327.710846 53.411568 7.841846
v 468.524658 0.255745 71.834969
v 468.773285 0.255745 69.310692
v 468.524658 53.411568 71.834969
v 470.137207 71.446045 55.463013
v 471.749664 71.446045 39.091034
v 471.749664 71.446045 39.091034
v 316.090820 53.411568 57.039467
v 316.090820 0.255745 57.039467
v 320.928345 0.255745 7.923570
v 319.315826 0.255745 24.295538
v 317.703308 0.255745 40.667500
v 319.315826 71.446045 24.295538
v 317.703308 71.446045 40.667500
v 320.928345 53.411568 7.923570
v 331.857788 71.446045 25.512873
v 331.857819 71.446045 25.512875
v 333.470245 0.255745 9.140908
v 333.470245 53.411568 9.140908
v 332.125885 0.255745 22.790554
v 332.125885 68.447281 22.790554
v 331.857788 0.255745 25.512877
v 330.513367 0.255745 39.162498
v 330.245270 0.255745 41.884846
v 328.900879 0.255745 55.534458
v 328.900940 0.255745 55.534462
vn 0.1951 -0.0000 -0.9808
vn 0.0980 -0.0000 -0.9952
vn 0.0980 -0.0001 -0.9952
vn -0.0000 -0.0000 -1.0000
vn 0.3827 -0.0000 -0.9239
vn 0.2903 -0.0000 -0.9569
vn 0.2903 0.0001 -0.9569
vn 0.5556 -0.0000 -0.8315
vn 0.4714 -0.0000 -0.8819
vn 0.4714 0.0001 -0.8819
vn 0.7071 -0.0000 -0.7071
vn 0.6344 -0.0000 -0.7730
vn 0.8315 -0.0000 -0.5556
vn 0.7730 -0.0000 -0.6344
vn 0.7730 0.0002 -0.6344
vn 0.9239 -0.0000 -0.3827
vn 0.8819 -0.0000 -0.4714
vn 0.8819 -0.0003 -0.4714
vn 0.9808 -0.0000 -0.1951
vn 0.9569 -0.0000 -0.2903
vn 0.9569 -0.0001 -0.2903
vn 1.0000 0.0001 -0.0000
vn 0.9952 -0.0000 -0.0980
vn 0.9952 -0.0003 -0.0980
vn 0.9808 -0.0000 0.1951
vn 0.8880 0.4515 0.0875
vn 0.9952 -0.0001 0.0980
vn 0.8901 0.4472 0.0877
vn 0.9952 -0.0000 0.0980
vn 0.9239 -0.0000 0.3827
vn 0.9569 -0.0000 0.2903
vn 0.9569 0.0003 0.2903
vn 0.8315 -0.0000 0.5556
vn 0.8819 -0.0000 0.4714
vn 0.8819 0.0001 0.4714
vn 0.7071 -0.0000 0.7071
vn 0.7730 -0.0000 0.6344
vn 0.7730 -0.0002 0.6344
vn 0.5556 -0.0000 0.8315
vn 0.6344 -0.0000 0.7730
vn 0.3827 -0.0000 0.9239
vn 0.4714 -0.0000 0.8819
vn 0.4714 0.0001 0.8819
vn 0.1951 -0.0000 0.9808
vn 0.2903 0.0001 0.9569
vn 0.2903 -0.0000 0.9569
vn -0.0000 -0.0000 1.0000
vn 0.0980 -0.0000 0.9952
vn 0.0980 -0.0001 0.9952
vn -0.1951 -0.0000 0.9808
vn -0.0980 -0.0000 0.9952
vn -0.0980 -0.0004 0.9952
vn -0.3827 -0.0000 0.9239
vn -0.2903 0.0001 0.9569
vn -0.2903 -0.0000 0.9569
vn -0.5556 -0.0000 0.8315
vn -0.4714 -0.0000 0.8819
vn -0.4714 -0.0001 0.8819
vn -0.7071 -0.0000 0.7071
vn -0.6344 -0.0000 0.7730
vn -0.6344 -0.0001 0.7730
vn -0.8315 -0.0000 0.5556
vn -0.7730 -0.0000 0.6344
vn -0.7730 0.0001 0.6344
vn -0.9239 -0.0000 0.3827
vn -0.8819 -0.0000 0.4714
vn -0.8819 -0.0001 0.4714
vn -0.9569 -0.0000 0.2903
vn -0.9808 -0.0000 0.1951
vn -0.9569 0.0001 0.2903
vn -1.0000 -0.0000 -0.0000
vn -0.9952 -0.0000 0.0980
vn -0.9952 -0.0001 0.0980
vn -0.9808 -0.0000 -0.1951
vn -0.9952 -0.0000 -0.0980
vn -0.9952 -0.0002 -0.0980
vn -0.9569 -0.0000 -0.2903
vn -0.9239 -0.0000 -0.3827
vn -0.9569 0.0003 -0.2903
vn -0.8315 -0.0000 -0.5556
vn -0.8819 -0.0000 -0.4714
vn -0.7071 -0.0000 -0.7071
vn -0.7730 -0.0000 -0.6344
vn -0.7730 -0.0002 -0.6344
vn -0.5556 -0.0000 -0.8315
vn -0.6344 -0.0000 -0.7730
vn -0.3827 -0.0000 -0.9239
vn -0.4714 0.0001 -0.8819
vn -0.4714 -0.0004 -0.8819
vn -0.4714 -0.0000 -0.8819
vn 0.0980 -0.0002 -0.9952
vn -0.1951 -0.0000 -0.9808
vn -0.2903 -0.0000 -0.9569
vn -0.2903 0.0003 -0.9569
vn -0.0980 0.0001 -0.9952
vn -0.0980 -0.0005 -0.9952
vn -0.0980 -0.0000 -0.9952
vn -0.0000 -1.0000 -0.0000
vn -0.0980 0.0002 0.9952
vn -0.2903 -0.0004 0.9569
vn -0.6344 -0.0003 0.7730
vn -0.7730 -0.0001 0.6344
vn -0.9952 -0.0002 0.0980
vn -0.8819 -0.0001 -0.4714
vn -0.7730 -0.0004 -0.6344
vn -0.6344 -0.0003 -0.7730
vn -0.4714 -0.0001 -0.8819
vn -0.2903 0.0001 -0.9569
vn -0.0980 -0.0004 -0.9952
vn 0.0980 0.0003 -0.9952
vn 0.2903 0.0002 -0.9569
vn 0.6344 -0.0004 -0.7730
vn 1.0000 -0.0000 -0.0000
vn 0.9952 0.0001 -0.0980
vn 0.9952 -0.0002 0.0980
vn 0.9569 0.0002 0.2903
vn 0.7730 -0.0004 0.6344
vn 0.6344 -0.0002 0.7730
vn -0.1598 0.5734 -0.8036
vn -0.0000 0.4648 -0.8854
vn -0.0000 0.5734 -0.8193
vn -0.0404 0.9944 -0.0975
vn -0.0206 0.9944 -0.1035
vn -0.0586 0.9944 -0.0877
vn -0.4552 0.5734 -0.6812
vn -0.5793 0.5734 -0.5793
vn -0.0877 0.9944 -0.0586
vn -0.0746 0.9944 -0.0746
vn -0.0975 0.9944 -0.0404
vn -0.1035 0.9944 -0.0206
vn -0.1055 0.9944 -0.0000
vn -0.8036 0.5734 0.1598
vn -0.8854 0.4648 -0.0000
vn -0.8193 0.5734 -0.0000
vn -0.0975 0.9944 0.0404
vn -0.1035 0.9944 0.0206
vn -0.0877 0.9944 0.0586
vn -0.6812 0.5734 0.4552
vn -0.5793 0.5734 0.5793
vn -0.0586 0.9944 0.0877
vn -0.0746 0.9944 0.0746
vn -0.0404 0.9944 0.0975
vn -0.3135 0.5734 0.7569
vn -0.1598 0.5734 0.8036
vn -0.0000 0.4648 0.8854
vn -0.0000 0.5734 0.8193
vn 0.0206 0.9944 0.1035
vn -0.0000 0.9944 0.1055
vn 0.3135 0.5734 0.7569
vn 0.1727 0.4648 0.8684
vn 0.1598 0.5734 0.8036
vn 0.4552 0.5734 0.6812
vn 0.3388 0.4648 0.8180
vn 0.5793 0.5734 0.5793
vn 0.0877 0.9944 0.0586
vn 0.0746 0.9944 0.0746
vn 0.0975 0.9944 0.0404
vn 0.7569 0.5734 0.3135
vn 0.8036 0.5734 0.1598
vn 0.8854 0.4648 -0.0000
vn 0.8193 0.5734 -0.0000
vn 0.1055 0.9944 -0.0000
vn 0.1035 0.9944 -0.0206
vn 0.7569 0.5734 -0.3135
vn 0.8684 0.4648 -0.1727
vn 0.8036 0.5734 -0.1598
vn 0.6812 0.5734 -0.4552
vn 0.8171 0.4656 -0.3399
vn 0.5793 0.5734 -0.5793
vn 0.0332 0.9981 -0.0512
vn 0.0411 0.9983 -0.0411
vn 0.0357 0.9947 -0.0967
vn 0.0364 0.9944 -0.0991
vn 0.0206 0.9944 -0.1035
vn -0.0000 0.9944 -0.1055
vn -0.7362 0.4648 -0.4919
vn -0.6812 0.5734 -0.4552
vn -0.5222 0.3415 -0.7815
vn -0.6261 0.4648 -0.6261
vn -0.6646 0.3415 -0.6646
vn -0.4919 0.4648 0.7362
vn -0.4552 0.5734 0.6812
vn -0.7815 0.3415 0.5222
vn -0.6261 0.4648 0.6261
vn -0.6646 0.3415 0.6646
vn 0.4935 0.4619 -0.7369
vn 0.4552 0.5734 -0.6812
vn 0.7820 0.3364 -0.5247
vn 0.6270 0.4624 -0.6270
vn 0.6659 0.3364 -0.6659
vn 0.7362 0.4648 0.4919
vn 0.6812 0.5734 0.4552
vn 0.5222 0.3415 0.7815
vn 0.6261 0.4648 0.6261
vn 0.6646 0.3415 0.6646
vn -0.8684 0.4648 0.1727
vn -0.7569 0.5734 0.3135
vn -0.8180 0.4648 0.3388
vn 0.3135 0.5734 -0.7569
vn 0.1598 0.5734 -0.8036
vn -0.3388 0.4648 0.8180
vn -0.1834 0.3415 0.9218
vn -0.3597 0.3415 0.8683
vn -0.1727 0.4648 0.8684
vn -0.0000 0.3415 0.9399
vn 0.1834 0.3415 0.9218
vn 0.3597 0.3415 0.8683
vn -0.1727 0.4648 -0.8684
vn -0.0000 0.3415 -0.9399
vn -0.3135 0.5734 -0.7569
vn 0.8180 0.4648 0.3388
vn 0.9218 0.3415 0.1834
vn 0.8683 0.3415 0.3597
vn 0.8684 0.4648 0.1727
vn 0.9399 0.3415 -0.0000
vn -0.7569 0.5734 -0.3135
vn -0.8036 0.5734 -0.1598
vn 0.9218 0.3415 -0.1834
vn 0.7369 0.4619 -0.4935
vn 0.8675 0.3408 -0.3623
vn -0.9399 0.3415 -0.0000
vn -0.8684 0.4648 -0.1727
vn -0.8180 0.4648 -0.3388
vn -0.3388 0.4648 -0.8180
vn -0.4919 0.4648 -0.7362
vn 0.1727 0.4648 -0.8684
vn 0.3399 0.4656 -0.8171
vn -0.7362 0.4648 0.4919
vn 0.4919 0.4648 0.7362
vn 0.0586 0.9944 0.0877
vn 0.7815 0.3415 0.5222
vn 0.0512 0.9981 -0.0332
vn 0.0484 0.9983 -0.0323
vn 0.5247 0.3364 -0.7820
vn -0.7815 0.3415 -0.5222
vn -0.5222 0.3415 0.7815
vn -0.0206 0.9944 0.1035
vn 0.3623 0.3408 -0.8675
vn 0.1834 0.3415 -0.9218
vn 0.0404 0.9944 0.0975
vn 0.1035 0.9944 0.0206
vn -0.1834 0.3415 -0.9218
vn -0.3597 0.3415 -0.8683
vn -0.8683 0.3415 -0.3597
vn 0.0967 0.9947 -0.0357
vn 0.0991 0.9944 -0.0364
vn -0.9218 0.3415 -0.1834
vn -0.9218 0.3415 0.1834
vn -0.8683 0.3415 0.3597
vn -0.0000 1.0000 -0.0000
vn 0.0980 0.0004 0.9952
vn -0.6344 0.0002 0.7730
vn 0.9569 0.0001 0.2903
vn -0.8819 -0.0002 -0.4714
vn 0.2903 0.0006 -0.9569
vn 0.4714 -0.0013 0.8819
vn -0.0980 -0.0002 0.9952
vn 0.8819 -0.0009 -0.4714
vn -0.0980 -0.0001 -0.9952
vn -0.0980 -0.0007 -0.9952
vn -0.2903 0.0007 0.9569
vn -0.2903 -0.0002 -0.9569
vn 0.4714 -0.0005 -0.8819
vn -0.8819 -0.0007 0.4714
vn 0.8819 -0.0002 0.4714
vn 0.9569 0.0001 -0.2903
vn -0.9952 0.0002 -0.0980
vn -0.9569 0.0001 -0.2903
vn 0.7730 0.0002 0.6344
vn -0.4714 -0.0012 -0.8819
vn 0.6344 0.0001 -0.7730
vn -0.6344 -0.0001 -0.7730
vn 0.9952 -0.0001 -0.0980
vn -0.4714 -0.0003 0.8819
vn 0.9952 0.0002 0.0980
vn 0.8819 -0.0001 0.4714
vn 0.0980 0.0002 0.9952
vn 0.2903 0.0003 -0.9569
vn -0.9569 0.0002 0.2903
vn -0.2903 -0.0001 0.9569
vn -0.2903 0.0002 0.9569
vn -0.4714 -0.0003 -0.8819
vn 0.6344 0.0003 0.7730
vn -0.6344 -0.0004 0.7730
vn 0.7730 0.0004 -0.6344
vn 0.2903 0.0002 0.9569
vn 0.9569 0.0002 -0.2903
vn -0.0980 0.0003 0.9952
vn -0.6344 0.0001 -0.7730
vn -0.6344 0.0003 -0.7730
vn -0.9952 0.0001 0.0980
vn 0.4714 -0.0002 0.8819
vn -0.4714 -0.0002 0.8819
vn -0.2903 -0.0001 -0.9569
vn -0.2903 0.0006 -0.9569
vn -0.7730 0.0003 0.6344
vn 0.6344 -0.0006 -0.7730
vn 0.6344 0.0007 -0.7730
vn 0.9805 -0.0000 0.1964
vn -0.5545 -0.0000 0.8322
vn -0.4690 -0.0000 0.8832
vn 0.9562 -0.0000 0.2928
vn -0.1964 -0.0000 0.9805
vn 0.8322 -0.0000 0.5545
vn -0.2928 -0.0000 0.9562
vn 0.8832 -0.0000 0.4690
vn 0.6586 -0.7497 -0.0649
vn -0.6586 -0.7497 0.0649
vn 0.6586 -0.7497 0.0649
vn -0.6586 -0.7497 -0.0649
vn 0.6333 -0.7497 0.1921
vn -0.6333 -0.7497 -0.1921
vn 0.6333 -0.7497 -0.1921
vn -0.6333 -0.7497 0.1921
vn 0.5836 -0.7497 -0.3120
vn 0.5836 -0.7497 -0.3119
vn -0.5836 -0.7497 0.3120
vn -0.5836 -0.7497 0.3119
vn 0.5836 -0.7497 0.3119
vn 0.5836 -0.7497 0.3120
vn -0.5836 -0.7497 -0.3119
vn -0.5836 -0.7497 -0.3120
vn -0.5115 -0.7497 -0.4198
vn 0.0227 0.9997 -0.0000
vn 0.5115 -0.7497 0.4198
vn -0.5113 -0.7498 -0.4199
vn 0.5115 -0.7497 -0.4198
vn -0.5115 -0.7497 0.4198
vn 0.4198 -0.7497 -0.5115
vn -0.4198 -0.7497 0.5115
vn 0.4198 -0.7497 0.5115
vn -0.4198 -0.7497 -0.5115
vn 0.3120 -0.7497 0.5836
vn 0.3119 -0.7497 0.5836
vn -0.3120 -0.7497 -0.5836
vn -0.3119 -0.7497 -0.5836
vn 0.3119 -0.7497 -0.5836
vn 0.3120 -0.7497 -0.5836
vn -0.3119 -0.7497 0.5836
vn -0.3120 -0.7497 0.5836
vn 0.1921 -0.7497 -0.6333
vn -0.1921 -0.7497 0.6333
vn 0.1921 -0.7497 0.6333
vn -0.1921 -0.7497 -0.6333
vn 0.0649 -0.7497 0.6586
vn -0.0649 -0.7497 -0.6586
vn 0.0649 -0.7497 -0.6586
vn -0.0649 -0.7497 0.6586
vn 0.7352 -0.6739 -0.0724
vn -0.7352 -0.6739 0.0724
vn 0.7352 -0.6739 0.0724
vn -0.7352 -0.6739 -0.0724
vn 0.7070 -0.6739 0.2145
vn -0.7070 -0.6739 -0.2145
vn 0.6516 -0.6739 0.3483
vn -0.6516 -0.6739 -0.3483
vn 0.7070 -0.6739 -0.2145
vn -0.7070 -0.6739 0.2145
vn 0.6516 -0.6739 -0.3483
vn -0.6516 -0.6739 0.3483
vn -0.5711 -0.6739 0.4687
vn 0.5711 -0.6739 -0.4687
vn -0.4687 -0.6739 0.5711
vn 0.4687 -0.6739 -0.5711
vn -0.5711 -0.6739 -0.4687
vn 0.5711 -0.6739 0.4687
vn -0.4687 -0.6739 -0.5711
vn 0.4687 -0.6739 0.5711
vn 0.3483 -0.6739 0.6516
vn -0.3483 -0.6739 -0.6516
vn 0.2145 -0.6739 0.7070
vn -0.2145 -0.6739 -0.7070
vn 0.3483 -0.6739 -0.6516
vn -0.3483 -0.6739 0.6516
vn 0.2145 -0.6739 -0.7070
vn -0.2145 -0.6739 0.7070
vn -0.0724 -0.6739 0.7352
vn 0.0724 -0.6739 -0.7352
vn 0.0397 0.9992 -0.0000
vn -0.9213 0.3889 -0.0000
vn 0.0205 0.9998 -0.0000
vn -0.9995 -0.0312 -0.0000
vn 0.3954 -0.3535 0.8477
vn 0.0278 -0.9996 -0.0000
vn 0.0140 -0.9999 -0.0000
vn 0.0001 1.0000 -0.0000
vn 0.6900 -0.7228 0.0384
vn -0.0001 1.0000 -0.0000
vn -0.4940 -0.8695 -0.0000
vn 0.5690 -0.8224 -0.0000
vn 0.3949 0.9187 -0.0000
vn -0.4488 0.8936 -0.0000
vn 0.5629 0.8265 -0.0000
vn 0.8828 0.4697 -0.0000
vn -0.1057 -0.0000 -0.9944
vn -0.0781 -0.6739 -0.7347
vn 0.0781 -0.6739 0.7347
vn 0.1057 -0.0000 0.9944
vn -0.0966 -0.0000 0.9953
vn -0.0714 -0.6739 0.7353
vn -0.3369 -0.9021 0.2697
vn -0.0500 -0.7349 0.6763
vn 0.0714 -0.6739 -0.7353
vn 0.0031 1.0000 -0.0000
vn 0.0966 -0.0000 -0.9953
vn 0.2903 -0.0001 -0.9569
vn 0.4714 -0.0002 -0.8819
vn 0.6344 -0.0002 -0.7730
vn 0.8819 0.0002 -0.4714
vn 0.8819 0.0001 -0.4714
vn 0.9949 -0.0000 0.1005
vn 0.9944 -0.0000 0.1055
vn 0.2115 0.4892 -0.8461
vn 0.7120 0.6987 0.0701
vn 0.9569 -0.0001 0.2903
vn 0.6344 -0.0001 0.7730
vn 0.4714 0.0002 0.8819
vn 0.0980 -0.0002 0.9952
vn -0.4714 -0.0004 0.8819
vn -0.4714 0.0003 0.8819
vn -0.6344 -0.0002 0.7730
vn -0.8819 0.0002 0.4714
vn -0.9569 -0.0001 0.2903
vn -0.7730 -0.0001 -0.6344
vn -0.6344 0.0002 -0.7730
vn -0.4714 -0.0002 -0.8819
vn 0.7730 0.0001 -0.6344
vn -0.4714 0.0001 0.8819
vn -0.6344 0.0001 0.7730
vn -0.8819 0.0001 0.4714
vn -0.9569 -0.0001 -0.2903
vn -0.6344 -0.0002 -0.7730
vn -0.2903 0.0002 -0.9569
vn 0.2903 -0.0002 -0.9569
vn 0.6344 -0.0001 -0.7730
vn 0.7730 -0.0002 -0.6344
vn 0.9952 0.0001 0.0980
vn 0.6344 0.0001 0.7730
vn 0.4714 -0.0001 0.8819
vn 0.0980 0.0001 0.9952
vn 0.0323 0.9983 -0.0484
vn 0.0980 -0.0005 0.9952
vn -0.8819 0.0001 -0.4714
vn -0.0980 -0.0001 0.9952
vn -0.0979 -0.0352 -0.9946
vn -0.0980 0.0004 -0.9952
vn -0.0980 0.0002 -0.9952
vn -0.0461 -0.8810 -0.4708
vn -0.1724 0.7880 -0.5910
vn 0.0542 -0.4954 -0.8670
vn 0.4714 -0.0003 -0.8819
vn 0.8819 -0.0003 0.4714
vn 0.2903 0.0003 0.9569
vn 0.2903 -0.0001 0.9569
vn 0.7730 -0.0001 0.6344
vn -0.4714 0.0002 -0.8819
vn -0.4714 0.0002 0.8819
vn -0.7730 0.0006 -0.6344
vn 0.0975 0.0591 0.9935
vn 0.0481 0.8450 0.5326
vn 0.0981 0.0001 0.9952
vn 0.6344 -0.0006 0.7730
vn -0.0980 -0.0002 -0.9952
vn -0.6344 0.0007 0.7730
vn 0.7730 0.0006 0.6344
vn 0.7730 -0.0005 -0.6344
vn -0.6344 -0.0008 -0.7730
vn 0.0980 0.0001 -0.9952
vn -0.7730 -0.0006 0.6344
vn 0.6344 -0.0003 -0.7730
vn 0.6344 0.0004 -0.7730
vn 0.6344 -0.0016 -0.7730
vn 0.6344 0.0002 -0.7730
vn 0.6345 -0.0000 -0.7729
vn 0.6346 0.0017 -0.7728
vn 0.9992 0.0412 -0.0000
vn -0.1136 -0.4012 0.9089
vn -0.1221 -0.0000 0.9925
vn 0.4174 0.9087 -0.0000
vt 0.001660 0.038393
vt 0.001192 0.011764
vt 0.001368 0.017902
vt 0.056393 0.001763
vt 0.021551 0.029611
vt 0.028104 0.023281
vt 0.002662 0.073431
vt 0.002199 0.046989
vt 0.002374 0.053127
vt 0.057394 0.036800
vt 0.022558 0.064836
vt 0.029111 0.058505
vt 0.003665 0.108469
vt 0.003202 0.082045
vt 0.003377 0.088184
vt 0.058395 0.071836
vt 0.023562 0.099891
vt 0.030114 0.093560
vt 0.004675 0.143506
vt 0.004216 0.117399
vt 0.004392 0.123536
vt 0.059396 0.106869
vt 0.024577 0.135240
vt 0.031128 0.128909
vt 0.005695 0.178536
vt 0.005205 0.151665
vt 0.005384 0.157802
vt 0.060395 0.141895
vt 0.025565 0.169496
vt 0.032112 0.163167
vt 0.006740 0.213525
vt 0.006219 0.186259
vt 0.006402 0.192389
vt 0.061377 0.176902
vt 0.026561 0.204061
vt 0.033097 0.197741
vt 0.007803 0.248321
vt 0.007290 0.221963
vt 0.007476 0.228063
vt 0.062294 0.211867
vt 0.027520 0.239685
vt 0.034031 0.233408
vt 0.008823 0.282555
vt 0.008308 0.255600
vt 0.008487 0.261619
vt 0.062965 0.246774
vt 0.028171 0.273217
vt 0.034657 0.267095
vt 0.003377 0.316240
vt 0.007913 0.289969
vt 0.006920 0.296140
vt 0.005189 0.306903
vt 0.005017 0.307988
vt 0.002567 0.353284
vt 0.003499 0.324873
vt 0.003358 0.331365
vt 0.062047 0.318034
vt 0.023975 0.344800
vt 0.031191 0.338503
vt 0.002033 0.390129
vt 0.002736 0.362661
vt 0.002643 0.369120
vt 0.061239 0.354593
vt 0.023261 0.382403
vt 0.030432 0.376097
vt 0.001605 0.426703
vt 0.002230 0.398991
vt 0.002157 0.405403
vt 0.060389 0.391292
vt 0.022655 0.418565
vt 0.029770 0.412291
vt 0.001244 0.462938
vt 0.001825 0.434692
vt 0.001764 0.441050
vt 0.059515 0.427841
vt 0.022095 0.454070
vt 0.029139 0.447840
vt 0.000961 0.498799
vt 0.001472 0.471176
vt 0.001424 0.477469
vt 0.058606 0.464086
vt 0.021555 0.490341
vt 0.028519 0.484172
vt 0.000759 0.534225
vt 0.001203 0.506964
vt 0.001173 0.513184
vt 0.057655 0.499948
vt 0.021058 0.525886
vt 0.027927 0.519782
vt 0.000659 0.569126
vt 0.001014 0.542464
vt 0.000999 0.548594
vt 0.056674 0.535352
vt 0.020618 0.561074
vt 0.027375 0.555061
vt 0.000672 0.603477
vt 0.000930 0.577445
vt 0.000933 0.583475
vt 0.055672 0.570215
vt 0.020257 0.595745
vt 0.026891 0.589844
vt 0.000806 0.637163
vt 0.000963 0.611823
vt 0.000987 0.617737
vt 0.054663 0.604501
vt 0.019959 0.629730
vt 0.026452 0.623930
vt 0.001085 0.670125
vt 0.001125 0.645357
vt 0.001178 0.651148
vt 0.053661 0.638101
vt 0.019755 0.662838
vt 0.026084 0.657151
vt 0.001511 0.702282
vt 0.001431 0.678417
vt 0.001511 0.684067
vt 0.052680 0.670949
vt 0.019663 0.695412
vt 0.025813 0.689851
vt 0.002103 0.733489
vt 0.001885 0.709658
vt 0.001992 0.715150
vt 0.051748 0.702969
vt 0.019690 0.726065
vt 0.025639 0.720623
vt 0.002876 0.763741
vt 0.002505 0.740276
vt 0.002644 0.745606
vt 0.050867 0.734041
vt 0.019856 0.756115
vt 0.025599 0.750815
vt 0.050037 0.764129
vt 0.020168 0.786239
vt 0.025691 0.781117
vt 0.003834 0.793042
vt 0.003319 0.770950
vt 0.003492 0.776106
vt 0.005002 0.821142
vt 0.004296 0.799080
vt 0.004504 0.804039
vt 0.049276 0.793235
vt 0.020616 0.813630
vt 0.025889 0.808653
vt 0.006307 0.847934
vt 0.005518 0.827421
vt 0.005765 0.832148
vt 0.048599 0.821153
vt 0.021182 0.841249
vt 0.026198 0.836460
vt 0.047960 0.847898
vt 0.021815 0.867137
vt 0.026591 0.862577
vt 0.007645 0.873488
vt 0.006816 0.853997
vt 0.007060 0.858506
vt 0.009030 0.897915
vt 0.008173 0.879808
vt 0.008426 0.884108
vt 0.047345 0.873402
vt 0.022503 0.892360
vt 0.027043 0.888030
vt 0.010512 0.921119
vt 0.009559 0.903637
vt 0.009828 0.907726
vt 0.046754 0.897733
vt 0.023242 0.915487
vt 0.027522 0.911359
vt 0.012215 0.942979
vt 0.011055 0.926044
vt 0.011360 0.929909
vt 0.046169 0.920719
vt 0.024090 0.937011
vt 0.028063 0.933066
vt 0.014376 0.963377
vt 0.012852 0.947784
vt 0.013236 0.951396
vt 0.045500 0.942107
vt 0.025175 0.957709
vt 0.028769 0.954009
vt 0.056874 0.008063
vt 0.057091 0.015686
vt 0.095034 0.000659
vt 0.096034 0.035696
vt 0.083870 0.022550
vt 0.060852 0.147494
vt 0.061066 0.155111
vt 0.099026 0.140805
vt 0.100003 0.175850
vt 0.087828 0.161991
vt 0.017047 0.981607
vt 0.015122 0.967722
vt 0.015602 0.970970
vt 0.044490 0.961609
vt 0.026332 0.976276
vt 0.029466 0.972962
vt 0.021382 0.999341
vt 0.018219 0.985883
vt 0.018974 0.988985
vt 0.042579 0.978890
vt 0.029904 0.992406
vt 0.032189 0.988860
vt 0.459040 0.439790
vt 0.677406 0.373550
vt 0.569551 0.411048
vt 0.743647 0.591916
vt 0.525281 0.658156
vt 0.633136 0.620658
vt 0.130771 0.666228
vt 0.130771 0.687698
vt 0.128003 0.679639
vt 0.103759 0.687698
vt 0.104024 0.668556
vt 0.104024 0.674097
vt 0.130771 0.644758
vt 0.128003 0.658000
vt 0.103759 0.666228
vt 0.104024 0.646917
vt 0.104024 0.652458
vt 0.130771 0.623288
vt 0.128003 0.636513
vt 0.103759 0.644758
vt 0.104024 0.625430
vt 0.104024 0.630972
vt 0.130771 0.601818
vt 0.128003 0.614759
vt 0.103759 0.623288
vt 0.104024 0.603676
vt 0.104024 0.609217
vt 0.103759 0.601818
vt 0.104024 0.582901
vt 0.104024 0.588442
vt 0.130771 0.580348
vt 0.128003 0.593983
vt 0.130771 0.558878
vt 0.128003 0.572900
vt 0.103759 0.580348
vt 0.104024 0.561818
vt 0.104024 0.567359
vt 0.130771 0.537408
vt 0.128003 0.550751
vt 0.103760 0.558878
vt 0.104024 0.539668
vt 0.104024 0.545209
vt 0.130771 0.515938
vt 0.128003 0.529849
vt 0.103760 0.537408
vt 0.104024 0.518767
vt 0.104024 0.524308
vt 0.130771 0.494468
vt 0.128003 0.507511
vt 0.103760 0.515938
vt 0.104024 0.496428
vt 0.104024 0.501969
vt 0.130771 0.472998
vt 0.128003 0.486666
vt 0.103760 0.494468
vt 0.104024 0.475583
vt 0.104024 0.481125
vt 0.130771 0.451528
vt 0.128003 0.464516
vt 0.103760 0.472998
vt 0.104024 0.453434
vt 0.104024 0.458975
vt 0.103760 0.451528
vt 0.104024 0.432351
vt 0.104024 0.437892
vt 0.130771 0.430058
vt 0.128003 0.443434
vt 0.130771 0.408588
vt 0.128003 0.422658
vt 0.103760 0.430058
vt 0.104024 0.411576
vt 0.104024 0.417117
vt 0.130771 0.387118
vt 0.128003 0.400904
vt 0.103760 0.408588
vt 0.104024 0.389822
vt 0.104024 0.395363
vt 0.130771 0.365648
vt 0.128003 0.379418
vt 0.103760 0.387118
vt 0.104024 0.368335
vt 0.104024 0.373876
vt 0.130771 0.344178
vt 0.128003 0.357779
vt 0.103760 0.365648
vt 0.104024 0.346696
vt 0.104024 0.352238
vt 0.130771 0.322708
vt 0.128003 0.336118
vt 0.103760 0.344178
vt 0.104024 0.325036
vt 0.104024 0.330577
vt 0.130771 0.301238
vt 0.128003 0.314479
vt 0.103760 0.322708
vt 0.104024 0.303397
vt 0.104024 0.308938
vt 0.130771 0.279768
vt 0.128003 0.292993
vt 0.103760 0.301238
vt 0.104024 0.281911
vt 0.104024 0.287452
vt 0.103760 0.279768
vt 0.104024 0.260156
vt 0.104024 0.265698
vt 0.130771 0.258298
vt 0.128003 0.271239
vt 0.130771 0.236828
vt 0.128003 0.250463
vt 0.103760 0.258298
vt 0.104024 0.239381
vt 0.104024 0.244922
vt 0.130771 0.215358
vt 0.128003 0.229381
vt 0.103760 0.236828
vt 0.104024 0.218298
vt 0.104024 0.223840
vt 0.130771 0.193888
vt 0.128003 0.207231
vt 0.103760 0.215358
vt 0.104024 0.196149
vt 0.104024 0.201690
vt 0.130771 0.172418
vt 0.128003 0.186359
vt 0.103760 0.193888
vt 0.104024 0.175276
vt 0.104024 0.180818
vt 0.130771 0.150948
vt 0.128003 0.164700
vt 0.103760 0.172418
vt 0.104024 0.153618
vt 0.104024 0.159159
vt 0.130771 0.129479
vt 0.128003 0.143147
vt 0.103760 0.150948
vt 0.104024 0.132064
vt 0.104024 0.137605
vt 0.130771 0.108009
vt 0.128003 0.120997
vt 0.103760 0.129479
vt 0.104024 0.109915
vt 0.104024 0.115456
vt 0.130771 0.086539
vt 0.128003 0.099915
vt 0.103760 0.108009
vt 0.104024 0.088832
vt 0.104024 0.094373
vt 0.130771 0.065069
vt 0.128003 0.079139
vt 0.103760 0.086539
vt 0.104024 0.068057
vt 0.104024 0.073598
vt 0.130771 0.043599
vt 0.128003 0.057385
vt 0.103760 0.065069
vt 0.104024 0.046303
vt 0.104024 0.051844
vt 0.130771 0.022129
vt 0.128003 0.035899
vt 0.103760 0.043599
vt 0.104024 0.024816
vt 0.104024 0.030358
vt 0.130771 0.000659
vt 0.128003 0.014260
vt 0.103760 0.022129
vt 0.104024 0.003178
vt 0.104024 0.008719
vt 0.410326 0.150138
vt 0.397032 0.132642
vt 0.402678 0.129905
vt 0.397742 0.172802
vt 0.391269 0.155361
vt 0.394476 0.154484
vt 0.397531 0.191405
vt 0.394414 0.173069
vt 0.413914 0.193162
vt 0.415865 0.216349
vt 0.409681 0.214468
vt 0.386936 0.226908
vt 0.390660 0.208689
vt 0.393881 0.209675
vt 0.376936 0.242445
vt 0.383972 0.225320
vt 0.362035 0.252964
vt 0.364205 0.255665
vt 0.349164 0.265952
vt 0.336502 0.288384
vt 0.354031 0.275356
vt 0.357246 0.281557
vt 0.313710 0.274951
vt 0.331023 0.268875
vt 0.332010 0.272223
vt 0.295335 0.270707
vt 0.294973 0.274129
vt 0.292990 0.290860
vt 0.269256 0.292415
vt 0.271231 0.286001
vt 0.258947 0.261772
vt 0.277522 0.266402
vt 0.276473 0.269733
vt 0.245616 0.247765
vt 0.243241 0.250459
vt 0.226953 0.268843
vt 0.216282 0.246570
vt 0.231600 0.263599
vt 0.210666 0.224241
vt 0.204769 0.227016
vt 0.216709 0.200898
vt 0.220148 0.219701
vt 0.213412 0.201783
vt 0.193326 0.184463
vt 0.203366 0.204495
vt 0.197158 0.206146
vt 0.193342 0.162409
vt 0.199710 0.183915
vt 0.190809 0.138672
vt 0.197276 0.140441
vt 0.220910 0.127231
vt 0.217117 0.146128
vt 0.213752 0.145154
vt 0.234315 0.113490
vt 0.231528 0.111075
vt 0.212516 0.094924
vt 0.234611 0.083467
vt 0.217957 0.099563
vt 0.256875 0.077644
vt 0.253957 0.070995
vt 0.262906 0.091155
vt 0.279272 0.082094
vt 0.280018 0.085581
vt 0.297851 0.063485
vt 0.277152 0.071770
vt 0.275829 0.065311
vt 0.319641 0.065911
vt 0.297878 0.069928
vt 0.343113 0.065940
vt 0.340578 0.072155
vt 0.350976 0.096005
vt 0.333194 0.090556
vt 0.334400 0.087540
vt 0.363577 0.109690
vt 0.365852 0.107245
vt 0.375597 0.123121
vt 0.378275 0.121150
vt 0.384923 0.138523
vt 0.387915 0.137075
vt 0.395946 0.231653
vt 0.401541 0.234623
vt 0.403634 0.212626
vt 0.253644 0.271056
vt 0.250344 0.276893
vt 0.273198 0.279747
vt 0.356303 0.087570
vt 0.359782 0.082045
vt 0.316492 0.082262
vt 0.338120 0.078240
vt 0.211378 0.122207
vt 0.205373 0.119058
vt 0.210158 0.163967
vt 0.203594 0.142218
vt 0.334732 0.282178
vt 0.314953 0.291612
vt 0.314430 0.285227
vt 0.292287 0.297423
vt 0.377094 0.095186
vt 0.363332 0.076390
vt 0.381499 0.090482
vt 0.391500 0.111388
vt 0.396675 0.107583
vt 0.408445 0.127110
vt 0.246971 0.282908
vt 0.236102 0.258518
vt 0.230170 0.236183
vt 0.221630 0.242578
vt 0.190826 0.207813
vt 0.210050 0.183025
vt 0.404263 0.151799
vt 0.420576 0.170949
vt 0.414149 0.171469
vt 0.420324 0.193850
vt 0.199175 0.115847
vt 0.223213 0.104050
vt 0.245270 0.097664
vt 0.238707 0.088999
vt 0.261369 0.087680
vt 0.389754 0.252856
vt 0.407268 0.237663
vt 0.394769 0.256956
vt 0.274528 0.058731
vt 0.374805 0.268549
vt 0.378951 0.273600
vt 0.360642 0.288110
vt 0.318396 0.072390
vt 0.297907 0.080284
vt 0.315499 0.298133
vt 0.370746 0.263575
vt 0.384850 0.248846
vt 0.407868 0.171976
vt 0.407644 0.192486
vt 0.386440 0.115116
vt 0.372789 0.099793
vt 0.293703 0.284443
vt 0.320922 0.059274
vt 0.297838 0.056906
vt 0.230419 0.077793
vt 0.250908 0.063952
vt 0.338293 0.294695
vt 0.416521 0.148437
vt 0.199769 0.162988
vt 0.186788 0.161841
vt 0.186819 0.185025
vt 0.210778 0.250651
vt 0.198725 0.229814
vt 0.213570 0.164283
vt 0.315882 0.085455
vt 0.394217 0.191036
vt 0.232996 0.234062
vt 0.223273 0.218210
vt 0.247464 0.100663
vt 0.297931 0.083734
vt 0.347483 0.262721
vt 0.314861 0.389676
vt 0.242286 0.361225
vt 0.348555 0.368954
vt 0.237811 0.640034
vt 0.268127 0.650694
vt 0.217213 0.681542
vt 0.056818 0.541223
vt 0.056595 0.548824
vt 0.095477 0.536814
vt 0.093840 0.571746
vt 0.082772 0.557391
vt 0.233886 0.309655
vt 0.257098 0.335612
vt 0.227365 0.325271
vt 0.170990 0.554952
vt 0.191637 0.572617
vt 0.179516 0.578576
vt 0.443120 0.141120
vt 0.447329 0.108262
vt 0.458330 0.137029
vt 0.158819 0.159784
vt 0.147360 0.128562
vt 0.163090 0.131975
vt 0.298679 0.637159
vt 0.300565 0.652206
vt 0.050159 0.769413
vt 0.049980 0.775764
vt 0.082648 0.765745
vt 0.080688 0.794788
vt 0.071725 0.783126
vt 0.052805 0.676551
vt 0.052593 0.683540
vt 0.088466 0.672588
vt 0.086552 0.704597
vt 0.076566 0.691547
vt 0.448084 0.196751
vt 0.463918 0.167367
vt 0.463879 0.198331
vt 0.403541 0.530743
vt 0.392215 0.506571
vt 0.404929 0.506279
vt 0.378604 0.052972
vt 0.411285 0.058752
vt 0.400552 0.070293
vt 0.059677 0.434180
vt 0.059477 0.442073
vt 0.099721 0.429033
vt 0.098424 0.465383
vt 0.086748 0.450801
vt 0.395109 0.460533
vt 0.389921 0.485218
vt 0.383911 0.465136
vt 0.062234 0.324154
vt 0.062062 0.332092
vt 0.102441 0.318586
vt 0.101824 0.355509
vt 0.089710 0.340597
vt 0.396482 0.295292
vt 0.380157 0.325313
vt 0.372719 0.311065
vt 0.335229 0.397162
vt 0.311897 0.400684
vt 0.047452 0.878155
vt 0.047312 0.883470
vt 0.074834 0.874908
vt 0.072885 0.899261
vt 0.065487 0.889740
vt 0.049414 0.798156
vt 0.049253 0.804255
vt 0.078727 0.822694
vt 0.070160 0.811317
vt 0.057869 0.042897
vt 0.058087 0.050520
vt 0.097034 0.070733
vt 0.084865 0.057384
vt 0.204316 0.294209
vt 0.171575 0.274755
vt 0.186098 0.266692
vt 0.058751 0.470564
vt 0.058541 0.478374
vt 0.097006 0.501335
vt 0.085505 0.487081
vt 0.293583 0.386032
vt 0.273272 0.397600
vt 0.272080 0.386338
vt 0.269184 0.030817
vt 0.235395 0.023172
vt 0.266528 0.014730
vt 0.055794 0.576431
vt 0.055568 0.583904
vt 0.092115 0.606082
vt 0.081279 0.592396
vt 0.214189 0.052277
vt 0.241183 0.038729
vt 0.061819 0.182321
vt 0.062019 0.189929
vt 0.100940 0.210935
vt 0.088769 0.196854
vt 0.486003 0.332782
vt 0.488531 0.345487
vt 0.486003 0.345736
vt 0.184372 0.441832
vt 0.185458 0.465550
vt 0.174636 0.461356
vt 0.046773 0.990843
vt 0.044550 0.984563
vt 0.044815 0.985098
vt 0.051197 0.996163
vt 0.052403 0.989783
vt 0.053345 0.987341
vt 0.231188 0.398541
vt 0.254278 0.401374
vt 0.236327 0.408576
vt 0.046856 0.902121
vt 0.046715 0.907153
vt 0.070829 0.922383
vt 0.063912 0.913169
vt 0.416545 0.274739
vt 0.406878 0.307625
vt 0.054787 0.610402
vt 0.054562 0.617725
vt 0.090322 0.639723
vt 0.079757 0.626098
vt 0.044250 0.964733
vt 0.043775 0.968552
vt 0.065387 0.964889
vt 0.060995 0.984300
vt 0.056519 0.974934
vt 0.317961 0.326255
vt 0.350412 0.337020
vt 0.319102 0.342333
vt 0.051893 0.708004
vt 0.051695 0.714788
vt 0.084617 0.735677
vt 0.074969 0.722593
vt 0.058863 0.077695
vt 0.059081 0.085317
vt 0.098033 0.105769
vt 0.085857 0.092182
vt 0.183823 0.551073
vt 0.184016 0.553691
vt 0.359485 0.025248
vt 0.387138 0.039623
vt 0.051016 0.738773
vt 0.050824 0.745349
vt 0.073363 0.752919
vt 0.431548 0.081848
vt 0.418926 0.091219
vt 0.061398 0.361649
vt 0.061213 0.369631
vt 0.100871 0.392374
vt 0.088874 0.378317
vt 0.168434 0.482709
vt 0.178447 0.505721
vt 0.165907 0.505476
vt 0.353206 0.625411
vt 0.323375 0.628556
vt 0.343154 0.616586
vt 0.482158 0.333031
vt 0.484685 0.332782
vt 0.484685 0.345736
vt 0.326386 0.031575
vt 0.298345 0.012360
vt 0.329647 0.015869
vt 0.062714 0.218112
vt 0.062860 0.225706
vt 0.101751 0.246190
vt 0.089592 0.232800
vt 0.212336 0.622717
vt 0.204327 0.592443
vt 0.222031 0.610786
vt 0.289402 0.325741
vt 0.261424 0.319947
vt 0.048734 0.825864
vt 0.048582 0.831707
vt 0.076778 0.849403
vt 0.068586 0.838472
vt 0.164052 0.214637
vt 0.158398 0.247090
vt 0.148890 0.218356
vt 0.048097 0.852258
vt 0.047953 0.857840
vt 0.067054 0.864313
vt 0.057799 0.506110
vt 0.057583 0.513824
vt 0.084173 0.522473
vt 0.448158 0.168607
vt 0.060546 0.398151
vt 0.060354 0.406107
vt 0.087870 0.414834
vt 0.185509 0.072386
vt 0.155581 0.098282
vt 0.167339 0.065723
vt 0.045493 0.945733
vt 0.045247 0.950025
vt 0.068490 0.944262
vt 0.059866 0.956084
vt 0.059870 0.112924
vt 0.060087 0.120545
vt 0.086859 0.127412
vt 0.046261 0.924540
vt 0.046102 0.929233
vt 0.062169 0.935135
vt 0.062838 0.281699
vt 0.063244 0.252796
vt 0.063219 0.260377
vt 0.102391 0.282064
vt 0.090079 0.267993
vt 0.372232 0.603804
vt 0.374260 0.573179
vt 0.387177 0.580113
vt 0.053792 0.643655
vt 0.053573 0.650821
vt 0.078177 0.659024
vt 0.063017 0.287945
vt 0.062849 0.295815
vt 0.090205 0.304071
vt 0.433169 0.115128
vt 0.442556 0.224358
vt 0.432153 0.250805
vt 0.433741 0.239785
vt 0.415664 0.217635
vt 0.413373 0.223767
vt 0.199572 0.114689
vt 0.203097 0.108471
vt 0.171747 0.103905
vt 0.182385 0.086432
vt 0.197716 0.228079
vt 0.195409 0.221857
vt 0.173077 0.241109
vt 0.169710 0.223192
vt 0.180758 0.235129
vt 0.197773 0.228253
vt 0.300099 0.056799
vt 0.306669 0.057354
vt 0.297979 0.028545
vt 0.316561 0.033035
vt 0.410334 0.085270
vt 0.382815 0.091502
vt 0.387203 0.096288
vt 0.346207 0.321485
vt 0.327869 0.321974
vt 0.336922 0.295145
vt 0.330542 0.296321
vt 0.252595 0.063468
vt 0.259108 0.061894
vt 0.259754 0.036081
vt 0.225613 0.268088
vt 0.220859 0.263041
vt 0.194593 0.274708
vt 0.380048 0.303472
vt 0.377679 0.275038
vt 0.372402 0.279183
vt 0.391166 0.066095
vt 0.365007 0.077282
vt 0.370237 0.081228
vt 0.445568 0.186288
vt 0.420861 0.172438
vt 0.420970 0.178955
vt 0.186793 0.160129
vt 0.187781 0.153564
vt 0.164095 0.142439
vt 0.437258 0.132784
vt 0.409393 0.128750
vt 0.411808 0.134765
vt 0.267534 0.291958
vt 0.261164 0.289468
vt 0.244847 0.310904
vt 0.191053 0.137331
vt 0.193244 0.130839
vt 0.170947 0.115423
vt 0.323020 0.059558
vt 0.329372 0.061311
vt 0.353399 0.040010
vt 0.343373 0.039552
vt 0.190222 0.206147
vt 0.188966 0.199698
vt 0.159241 0.187468
vt 0.163483 0.196869
vt 0.420483 0.264039
vt 0.406918 0.238747
vt 0.403453 0.244328
vt 0.275988 0.058333
vt 0.282568 0.057636
vt 0.287622 0.031968
vt 0.209672 0.249464
vt 0.206185 0.243565
vt 0.180195 0.249310
vt 0.442107 0.213897
vt 0.420310 0.195524
vt 0.419180 0.201940
vt 0.299046 0.323397
vt 0.313287 0.298377
vt 0.306715 0.298320
vt 0.354873 0.315474
vt 0.359101 0.288610
vt 0.353014 0.290587
vt 0.186526 0.183512
vt 0.186376 0.176949
vt 0.161516 0.169991
vt 0.213428 0.093320
vt 0.218499 0.088129
vt 0.206044 0.061241
vt 0.245199 0.282028
vt 0.239258 0.278123
vt 0.216823 0.297629
vt 0.425733 0.107584
vt 0.397693 0.108687
vt 0.401187 0.114150
vt 0.443876 0.159102
vt 0.417115 0.150055
vt 0.418403 0.156430
vt 0.271496 0.319421
vt 0.290179 0.297273
vt 0.283643 0.296000
vt 0.361547 0.047107
vt 0.351661 0.069919
vt 0.356364 0.072344
vt 0.401898 0.286204
vt 0.393721 0.258564
vt 0.389273 0.263424
vt 0.231872 0.076293
vt 0.237854 0.072352
vt 0.232548 0.045755
vt 0.205621 0.036949
vt 0.231363 0.011944
vt 0.429219 0.284759
vt 0.414410 0.316738
vt 0.393346 0.030043
vt 0.338135 0.611191
vt 0.338061 0.613124
vt 0.287722 0.341739
vt 0.254107 0.346703
vt 0.475277 0.166336
vt 0.457545 0.103301
vt 0.191722 0.322085
vt 0.196445 0.311418
vt 0.175058 0.055354
vt 0.200026 0.026228
vt 0.143751 0.188799
vt 0.132090 0.158134
vt 0.143169 0.158765
vt 0.353568 0.348350
vt 0.286492 0.353188
vt 0.468989 0.232129
vt 0.457878 0.228897
vt 0.148061 0.251199
vt 0.298572 0.000659
vt 0.446421 0.258181
vt 0.438410 0.292104
vt 0.132771 0.189856
vt 0.363903 0.014598
vt 0.144492 0.094847
vt 0.223159 0.336002
vt 0.469270 0.133959
vt 0.136267 0.126355
vt 0.475277 0.199433
vt 0.419113 0.050524
vt 0.385618 0.335808
vt 0.188252 0.303623
vt 0.161582 0.279955
vt 0.264557 0.003086
vt 0.189753 0.553436
vt 0.191483 0.551457
vt 0.319977 0.353956
vt 0.440709 0.075177
vt 0.332044 0.004546
vt 0.138174 0.221034
vt 0.156118 0.061778
vt 0.456783 0.263490
vt 0.344471 0.614951
vt 0.167109 0.529602
vt 0.180315 0.527800
vt 0.292687 0.397350
vt 0.213095 0.409974
vt 0.205758 0.432132
vt 0.197311 0.424525
vt 0.402035 0.482658
vt 0.251049 0.390546
vt 0.370641 0.422913
vt 0.347200 0.417692
vt 0.354038 0.408321
vt 0.397600 0.555548
vt 0.390508 0.528665
vt 0.384482 0.440471
vt 0.374506 0.446901
vt 0.329688 0.642035
vt 0.384575 0.550986
vt 0.271127 0.634686
vt 0.360386 0.594650
vt 0.192957 0.601380
vt 0.244748 0.625489
vt 0.219975 0.418919
vt 0.180090 0.484935
vt 0.330267 0.407506
vt 0.194117 0.447801
vt 0.362118 0.430927
vt 0.792751 0.353583
vt 0.810655 0.318228
vt 0.810655 0.353583
vt 0.695319 0.223210
vt 0.659964 0.241114
vt 0.659964 0.223210
vt 0.659964 0.216328
vt 0.695319 0.257175
vt 0.659964 0.266355
vt 0.659964 0.257175
vt 0.695319 0.241114
vt 0.659964 0.250293
vt 0.695319 0.250293
vt 0.659964 0.202564
vt 0.695319 0.209446
vt 0.659964 0.209446
vt 0.695319 0.216328
vt 0.493961 0.089592
vt 0.476596 0.086092
vt 0.511936 0.092974
vt 0.476595 0.092971
vt 0.476596 0.087149
vt 0.478948 0.128809
vt 0.476596 0.126958
vt 0.511937 0.127068
vt 0.493257 0.115230
vt 0.511937 0.120082
vt 0.476597 0.114944
vt 0.476597 0.121136
vt 0.493962 0.123579
vt 0.476597 0.120079
vt 0.511937 0.126961
vt 0.493963 0.075834
vt 0.476597 0.072334
vt 0.511937 0.079216
vt 0.476596 0.079213
vt 0.476597 0.073391
vt 0.493962 0.082713
vt 0.511937 0.086095
vt 0.476596 0.080270
vt 0.569313 0.793414
vt 0.551408 0.828769
vt 0.551408 0.793414
vt 0.476597 0.110903
vt 0.511940 0.093009
vt 0.511938 0.110906
vt 0.476599 0.093006
vt 0.510920 0.127225
vt 0.511936 0.136136
vt 0.476596 0.129076
vt 0.487263 0.114315
vt 0.511938 0.116086
vt 0.511934 0.072302
vt 0.511938 0.072337
vt 0.570631 0.793414
vt 0.588535 0.828769
vt 0.570631 0.828769
vt 0.659964 0.306223
vt 0.695319 0.288319
vt 0.695319 0.306223
vt 0.659964 0.288319
vt 0.695319 0.281437
vt 0.695319 0.331464
vt 0.659964 0.322284
vt 0.695319 0.322284
vt 0.695319 0.315402
vt 0.659964 0.315402
vt 0.659964 0.274555
vt 0.695319 0.267673
vt 0.695319 0.274555
vt 0.659964 0.281437
vt 0.752987 0.318228
vt 0.735083 0.353583
vt 0.735083 0.318228
vt 0.695308 0.092947
vt 0.659953 0.110852
vt 0.659953 0.092947
vt 0.695308 0.086065
vt 0.659953 0.086065
vt 0.659953 0.126913
vt 0.695308 0.136092
vt 0.659953 0.136092
vt 0.695308 0.120031
vt 0.659953 0.120031
vt 0.695308 0.126913
vt 0.695308 0.072302
vt 0.659953 0.079183
vt 0.659953 0.072302
vt 0.695308 0.079183
vt 0.493740 0.828769
vt 0.511645 0.793414
vt 0.511645 0.828769
vt 0.721162 0.021305
vt 0.685806 0.039209
vt 0.685806 0.021305
vt 0.721162 0.014423
vt 0.685806 0.014423
vt 0.685806 0.055271
vt 0.721162 0.064450
vt 0.685806 0.064450
vt 0.721162 0.048389
vt 0.685806 0.048389
vt 0.721162 0.055270
vt 0.721162 0.000659
vt 0.685806 0.007541
vt 0.685806 0.000659
vt 0.721162 0.007541
vt 0.696638 0.318228
vt 0.714542 0.353583
vt 0.696638 0.353583
vt 0.696637 0.176005
vt 0.731993 0.158100
vt 0.731993 0.176005
vt 0.696637 0.158100
vt 0.731993 0.151219
vt 0.731993 0.201245
vt 0.696637 0.192066
vt 0.731993 0.192066
vt 0.731993 0.185184
vt 0.696637 0.185184
vt 0.696637 0.144337
vt 0.731993 0.137455
vt 0.731993 0.144337
vt 0.696637 0.151218
vt 0.676700 0.793414
vt 0.694604 0.828769
vt 0.676700 0.828769
vt 0.695319 0.162695
vt 0.659964 0.180600
vt 0.659964 0.162695
vt 0.695319 0.187482
vt 0.659964 0.187482
vt 0.695319 0.137455
vt 0.659964 0.146634
vt 0.659964 0.137455
vt 0.695319 0.153516
vt 0.659964 0.153516
vt 0.695319 0.146634
vt 0.695319 0.201245
vt 0.659964 0.194364
vt 0.695319 0.194363
vt 0.715860 0.353583
vt 0.733765 0.318228
vt 0.733765 0.353583
vt 0.696626 0.115447
vt 0.731982 0.097542
vt 0.731982 0.115447
vt 0.731982 0.122328
vt 0.696626 0.081481
vt 0.731982 0.072302
vt 0.731982 0.081481
vt 0.696626 0.097542
vt 0.731982 0.088363
vt 0.696626 0.088363
vt 0.731982 0.136092
vt 0.696626 0.129210
vt 0.731982 0.129210
vt 0.696626 0.122328
vt 0.530867 0.793414
vt 0.512963 0.828769
vt 0.512963 0.793414
vt 0.513258 0.115447
vt 0.548613 0.097542
vt 0.548613 0.115447
vt 0.548613 0.122329
vt 0.513258 0.072302
vt 0.548613 0.081481
vt 0.513258 0.081481
vt 0.513258 0.097542
vt 0.548613 0.088363
vt 0.513258 0.088363
vt 0.513258 0.136092
vt 0.548613 0.129210
vt 0.548613 0.136092
vt 0.513258 0.122328
vt 0.513258 0.129210
vt 0.838813 0.549341
vt 0.820909 0.513986
vt 0.838813 0.513986
vt 0.621961 0.097542
vt 0.586605 0.115447
vt 0.586605 0.097542
vt 0.621961 0.122329
vt 0.586605 0.122329
vt 0.621961 0.072302
vt 0.586605 0.081481
vt 0.586605 0.072302
vt 0.621961 0.088363
vt 0.586605 0.088363
vt 0.621961 0.081481
vt 0.621961 0.136092
vt 0.586605 0.129210
vt 0.621961 0.129211
vt 0.656159 0.828769
vt 0.638254 0.793414
vt 0.656159 0.793414
vt 0.585298 0.227805
vt 0.549943 0.245709
vt 0.549943 0.227805
vt 0.585298 0.245709
vt 0.549943 0.252591
vt 0.585298 0.202564
vt 0.549943 0.211743
vt 0.549943 0.202564
vt 0.549943 0.218625
vt 0.585298 0.218625
vt 0.585298 0.259473
vt 0.549943 0.266355
vt 0.549943 0.259473
vt 0.585298 0.252591
vt 0.103759 0.830180
vt 0.121664 0.794825
vt 0.121664 0.830180
vt 0.621972 0.158101
vt 0.586616 0.176005
vt 0.586616 0.158101
vt 0.621972 0.151219
vt 0.586616 0.151219
vt 0.586616 0.192066
vt 0.621972 0.201245
vt 0.586616 0.201246
vt 0.621972 0.176005
vt 0.586616 0.185184
vt 0.621972 0.192066
vt 0.621972 0.137455
vt 0.586616 0.144337
vt 0.586616 0.137455
vt 0.621972 0.144337
vt 0.403655 0.714825
vt 0.433061 0.732730
vt 0.403655 0.732730
vt 0.433061 0.732896
vt 0.403655 0.732896
vt 0.420147 0.736589
vt 0.403655 0.739612
vt 0.433061 0.738405
vt 0.433061 0.739612
vt 0.433061 0.714825
vt 0.403655 0.705646
vt 0.433061 0.705646
vt 0.403655 0.705480
vt 0.433061 0.705480
vt 0.403655 0.698764
vt 0.416591 0.701792
vt 0.403655 0.699973
vt 0.433062 0.698764
vt 0.403655 0.746660
vt 0.433061 0.746494
vt 0.433061 0.746660
vt 0.420147 0.750353
vt 0.403655 0.753376
vt 0.433062 0.752169
vt 0.433062 0.753375
vt 0.403655 0.739778
vt 0.433061 0.739778
vt 0.433061 0.745287
vt 0.420147 0.743471
vt 0.403655 0.746494
vt 0.403489 0.714825
vt 0.403489 0.732730
vt 0.396773 0.708897
vt 0.396607 0.708751
vt 0.396773 0.708751
vt 0.820909 0.550659
vt 0.838813 0.586015
vt 0.820909 0.586015
vt 0.476595 0.241114
vt 0.511951 0.223210
vt 0.511951 0.241114
vt 0.476595 0.223210
vt 0.511951 0.216328
vt 0.511951 0.266355
vt 0.476595 0.257176
vt 0.511951 0.257175
vt 0.511951 0.250294
vt 0.476595 0.250294
vt 0.476595 0.209446
vt 0.511951 0.202564
vt 0.511951 0.209446
vt 0.476595 0.216328
vt 0.636936 0.828769
vt 0.619032 0.793414
vt 0.636936 0.793414
vt 0.511951 0.176005
vt 0.506002 0.158101
vt 0.511951 0.158101
vt 0.506002 0.151385
vt 0.511951 0.151219
vt 0.476595 0.192066
vt 0.511951 0.201246
vt 0.476595 0.201246
vt 0.506002 0.176005
vt 0.511951 0.185184
vt 0.506002 0.185184
vt 0.506002 0.191900
vt 0.511951 0.192066
vt 0.506002 0.137621
vt 0.511951 0.137455
vt 0.506002 0.144337
vt 0.506002 0.151219
vt 0.820909 0.659362
vt 0.838813 0.624006
vt 0.838813 0.659362
vt 0.549943 0.180600
vt 0.585298 0.162695
vt 0.585298 0.180600
vt 0.549943 0.187482
vt 0.585298 0.187482
vt 0.549943 0.146634
vt 0.585298 0.137455
vt 0.585298 0.146634
vt 0.549943 0.162695
vt 0.585298 0.153516
vt 0.549943 0.153516
vt 0.585298 0.201245
vt 0.549943 0.194364
vt 0.585298 0.194363
vt 0.440765 0.793444
vt 0.458669 0.828799
vt 0.440765 0.828799
vt 0.548624 0.162695
vt 0.513269 0.180600
vt 0.513269 0.162695
vt 0.548624 0.187482
vt 0.513269 0.187482
vt 0.548624 0.137455
vt 0.513269 0.146634
vt 0.513269 0.137455
vt 0.548624 0.153516
vt 0.513269 0.153516
vt 0.548624 0.146634
vt 0.513269 0.194363
vt 0.548624 0.201246
vt 0.513269 0.201245
vt 0.548624 0.194364
vt 0.839571 0.237919
vt 0.821667 0.202564
vt 0.839571 0.202564
vt 0.502438 0.021305
vt 0.537793 0.039209
vt 0.502438 0.039209
vt 0.537793 0.014423
vt 0.537793 0.021305
vt 0.537793 0.064450
vt 0.502438 0.055271
vt 0.537793 0.055271
vt 0.537793 0.048389
vt 0.502438 0.048389
vt 0.502438 0.007541
vt 0.537793 0.000659
vt 0.537793 0.007541
vt 0.502438 0.014423
vt 0.792035 0.793414
vt 0.809940 0.828769
vt 0.792035 0.828769
vt 0.585298 0.288319
vt 0.549943 0.306223
vt 0.549943 0.288319
vt 0.585298 0.281437
vt 0.549943 0.281437
vt 0.585298 0.322285
vt 0.549943 0.331464
vt 0.549943 0.322285
vt 0.585298 0.315403
vt 0.549943 0.315403
vt 0.585298 0.267673
vt 0.549943 0.274555
vt 0.549943 0.267673
vt 0.585298 0.274555
vt 0.820909 0.622688
vt 0.838813 0.587333
vt 0.838813 0.622688
vt 0.513269 0.245709
vt 0.548624 0.227805
vt 0.548624 0.245709
vt 0.548624 0.252591
vt 0.513269 0.211743
vt 0.548624 0.202564
vt 0.548624 0.211743
vt 0.513269 0.227805
vt 0.548624 0.218625
vt 0.513269 0.218625
vt 0.548624 0.266355
vt 0.513269 0.259473
vt 0.548624 0.259473
vt 0.513269 0.252591
vt 0.772813 0.793414
vt 0.790717 0.828769
vt 0.772813 0.828769
vt 0.585287 0.097542
vt 0.549932 0.115447
vt 0.549932 0.097542
vt 0.585287 0.122329
vt 0.549932 0.122329
vt 0.585287 0.072302
vt 0.549932 0.081481
vt 0.549932 0.072302
vt 0.585287 0.088363
vt 0.549932 0.088363
vt 0.585287 0.081481
vt 0.549932 0.129210
vt 0.585287 0.136092
vt 0.549932 0.136092
vt 0.585287 0.129210
vt 0.811973 0.318228
vt 0.829878 0.353583
vt 0.811973 0.353583
vt 0.548624 0.292914
vt 0.513269 0.310818
vt 0.513269 0.292914
vt 0.548624 0.317700
vt 0.513269 0.317700
vt 0.548624 0.267673
vt 0.513269 0.276853
vt 0.513269 0.267673
vt 0.548624 0.283734
vt 0.513269 0.283734
vt 0.513269 0.324582
vt 0.548624 0.331464
vt 0.513269 0.331464
vt 0.715145 0.828769
vt 0.733049 0.793414
vt 0.733049 0.828769
vt 0.575785 0.043804
vt 0.611141 0.025900
vt 0.611141 0.043804
vt 0.611141 0.050686
vt 0.575785 0.009839
vt 0.611140 0.000659
vt 0.611140 0.009839
vt 0.575785 0.025900
vt 0.611141 0.016720
vt 0.575785 0.016721
vt 0.611140 0.064450
vt 0.575785 0.057568
vt 0.611140 0.057568
vt 0.575785 0.050686
vt 0.811258 0.793414
vt 0.829162 0.828769
vt 0.811258 0.828769
vt 0.574467 0.021305
vt 0.539111 0.039209
vt 0.539111 0.021305
vt 0.574467 0.014423
vt 0.539111 0.014423
vt 0.539111 0.055271
vt 0.574467 0.064450
vt 0.539111 0.064450
vt 0.574467 0.048389
vt 0.539111 0.048389
vt 0.574467 0.055271
vt 0.574467 0.000659
vt 0.539111 0.007541
vt 0.539111 0.000659
vt 0.574467 0.007541
vt 0.477892 0.828799
vt 0.459987 0.793444
vt 0.477892 0.793444
vt 0.476596 0.288319
vt 0.511951 0.306223
vt 0.476596 0.306223
vt 0.511951 0.281437
vt 0.511951 0.288319
vt 0.511951 0.331464
vt 0.476595 0.322285
vt 0.511951 0.322285
vt 0.511951 0.315403
vt 0.476595 0.315403
vt 0.476595 0.274555
vt 0.511951 0.267673
vt 0.511951 0.274555
vt 0.476595 0.281437
vt 0.752272 0.828769
vt 0.734367 0.793414
vt 0.752272 0.793414
vt 0.649133 0.021305
vt 0.684488 0.039209
vt 0.649133 0.039209
vt 0.684488 0.014423
vt 0.684488 0.021305
vt 0.684488 0.064450
vt 0.649133 0.055271
vt 0.684488 0.055271
vt 0.684488 0.048389
vt 0.649133 0.048389
vt 0.649132 0.000659
vt 0.684488 0.007541
vt 0.649133 0.007541
vt 0.649133 0.014423
vt 0.753590 0.793414
vt 0.771495 0.828769
vt 0.753590 0.828769
vt 0.658645 0.158100
vt 0.623290 0.176005
vt 0.623290 0.158100
vt 0.658645 0.151219
vt 0.623290 0.151219
vt 0.623290 0.192066
vt 0.658645 0.201245
vt 0.623290 0.201245
vt 0.658645 0.185184
vt 0.623290 0.185184
vt 0.658645 0.192066
vt 0.658645 0.137455
vt 0.623290 0.144337
vt 0.623290 0.137455
vt 0.658645 0.144337
vt 0.695922 0.828769
vt 0.713827 0.793414
vt 0.713827 0.828769
vt 0.623290 0.310818
vt 0.658646 0.292914
vt 0.658646 0.310818
vt 0.658646 0.317700
vt 0.623290 0.276852
vt 0.658646 0.267673
vt 0.658646 0.276852
vt 0.623290 0.292914
vt 0.658646 0.283734
vt 0.623290 0.283734
vt 0.658646 0.331464
vt 0.623290 0.324582
vt 0.658646 0.324582
vt 0.623290 0.317700
vt 0.550090 0.828769
vt 0.532186 0.793414
vt 0.550090 0.793414
vt 0.658646 0.227805
vt 0.623290 0.245709
vt 0.623290 0.227805
vt 0.658646 0.252591
vt 0.623290 0.252591
vt 0.658646 0.202564
vt 0.623290 0.211743
vt 0.623290 0.202564
vt 0.658646 0.218625
vt 0.623290 0.218625
vt 0.658646 0.211743
vt 0.623290 0.259473
vt 0.658646 0.266355
vt 0.623290 0.266355
vt 0.658646 0.259473
vt 0.657477 0.828769
vt 0.675381 0.793414
vt 0.675381 0.828769
vt 0.623279 0.115447
vt 0.658634 0.097542
vt 0.658634 0.115447
vt 0.658634 0.122328
vt 0.623279 0.081481
vt 0.658634 0.072302
vt 0.658634 0.081481
vt 0.623279 0.097542
vt 0.658634 0.088363
vt 0.658634 0.136092
vt 0.623279 0.129210
vt 0.658634 0.129210
vt 0.617713 0.828769
vt 0.599809 0.793414
vt 0.617713 0.793414
vt 0.612459 0.021305
vt 0.647814 0.039209
vt 0.612459 0.039209
vt 0.647814 0.014423
vt 0.647814 0.021305
vt 0.647814 0.064450
vt 0.612459 0.055271
vt 0.647814 0.055271
vt 0.647814 0.048389
vt 0.612459 0.007541
vt 0.647814 0.000659
vt 0.647814 0.007541
vt 0.612459 0.014423
vt 0.773528 0.318228
vt 0.791432 0.353583
vt 0.773528 0.353583
vt 0.621972 0.223210
vt 0.586616 0.241114
vt 0.586616 0.223210
vt 0.621972 0.216328
vt 0.586616 0.216328
vt 0.586616 0.257175
vt 0.621972 0.266355
vt 0.586616 0.266355
vt 0.621972 0.250293
vt 0.586616 0.250293
vt 0.621972 0.202564
vt 0.586616 0.209446
vt 0.586616 0.202564
vt 0.754306 0.318228
vt 0.772210 0.353583
vt 0.754306 0.353583
vt 0.621972 0.292914
vt 0.586616 0.310818
vt 0.586616 0.292914
vt 0.621972 0.317700
vt 0.586616 0.317700
vt 0.621972 0.267673
vt 0.586616 0.276852
vt 0.586616 0.267673
vt 0.621972 0.283734
vt 0.586616 0.283734
vt 0.621972 0.276852
vt 0.586616 0.324582
vt 0.621972 0.331464
vt 0.586616 0.331464
vt 0.121664 0.741921
vt 0.103759 0.793507
vt 0.103759 0.741921
vt 0.810104 0.757568
vt 0.758519 0.775472
vt 0.758519 0.757568
vt 0.810104 0.781013
vt 0.810104 0.775472
vt 0.810104 0.735582
vt 0.758519 0.743804
vt 0.758519 0.735582
vt 0.810104 0.749345
vt 0.758519 0.749345
vt 0.810104 0.743804
vt 0.810104 0.792096
vt 0.758519 0.786554
vt 0.810104 0.786554
vt 0.758519 0.781013
vt 0.396607 0.806279
vt 0.414511 0.754694
vt 0.414511 0.806279
vt 0.652712 0.775472
vt 0.704298 0.757568
vt 0.704298 0.775472
vt 0.704298 0.781013
vt 0.652712 0.735582
vt 0.704298 0.743804
vt 0.652712 0.743804
vt 0.652712 0.757568
vt 0.704298 0.749345
vt 0.704298 0.792095
vt 0.652712 0.786554
vt 0.704298 0.786554
vt 0.793288 0.000659
vt 0.775383 0.052244
vt 0.775383 0.000659
vt 0.748223 0.219187
vt 0.696638 0.237092
vt 0.696638 0.219187
vt 0.748223 0.213646
vt 0.696638 0.213646
vt 0.696638 0.250855
vt 0.748223 0.259077
vt 0.696638 0.259077
vt 0.748223 0.245314
vt 0.696638 0.245314
vt 0.748223 0.202564
vt 0.696638 0.208105
vt 0.696638 0.202564
vt 0.786215 0.189040
vt 0.804119 0.137455
vt 0.804119 0.189040
vt 0.545326 0.757568
vt 0.493740 0.775472
vt 0.493740 0.757568
vt 0.545326 0.775472
vt 0.493740 0.781013
vt 0.545326 0.735582
vt 0.493740 0.743804
vt 0.493740 0.735582
vt 0.493740 0.749345
vt 0.545326 0.743804
vt 0.493740 0.786554
vt 0.545326 0.792095
vt 0.493740 0.792095
vt 0.545326 0.781013
vt 0.763241 0.512668
vt 0.781145 0.461082
vt 0.781145 0.512668
vt 0.651394 0.699736
vt 0.599809 0.717640
vt 0.599809 0.699736
vt 0.651394 0.717640
vt 0.599809 0.723181
vt 0.599809 0.677750
vt 0.651394 0.685972
vt 0.599809 0.685972
vt 0.599809 0.691513
vt 0.651394 0.728722
vt 0.599809 0.734264
vt 0.599809 0.728722
vt 0.804108 0.072302
vt 0.786204 0.123887
vt 0.786204 0.072302
vt 0.652712 0.712278
vt 0.704297 0.694374
vt 0.704297 0.712278
vt 0.652712 0.694374
vt 0.704297 0.688832
vt 0.704297 0.734264
vt 0.652712 0.726041
vt 0.704297 0.726041
vt 0.704297 0.720500
vt 0.652712 0.720500
vt 0.652712 0.683291
vt 0.704297 0.677750
vt 0.704297 0.683291
vt 0.652712 0.688833
vt 0.800368 0.512668
vt 0.782463 0.461082
vt 0.800368 0.461082
vt 0.132090 0.715388
vt 0.183675 0.733292
vt 0.132090 0.733292
vt 0.183675 0.709846
vt 0.183675 0.715388
vt 0.183675 0.755278
vt 0.132090 0.747055
vt 0.183675 0.747055
vt 0.183675 0.741514
vt 0.132090 0.704305
vt 0.183675 0.698764
vt 0.183675 0.704305
vt 0.132090 0.709846
vt 0.433734 0.806279
vt 0.415830 0.754694
vt 0.433734 0.754694
vt 0.733311 0.154078
vt 0.784896 0.171983
vt 0.733311 0.171983
vt 0.784896 0.148537
vt 0.784896 0.154078
vt 0.784896 0.193968
vt 0.733311 0.185746
vt 0.784896 0.185746
vt 0.784896 0.180205
vt 0.733311 0.180205
vt 0.733311 0.142996
vt 0.784896 0.137455
vt 0.784896 0.142996
vt 0.733311 0.148537
vt 0.782463 0.565571
vt 0.800368 0.513986
vt 0.800368 0.565571
vt 0.237897 0.738654
vt 0.289482 0.720750
vt 0.289482 0.738654
vt 0.289482 0.744195
vt 0.237897 0.706986
vt 0.289482 0.698764
vt 0.289482 0.706986
vt 0.237897 0.720750
vt 0.289482 0.712527
vt 0.289482 0.755278
vt 0.237897 0.749736
vt 0.289482 0.749736
vt 0.794606 0.052244
vt 0.812510 0.000659
vt 0.812510 0.052244
vt 0.705616 0.775472
vt 0.757201 0.757568
vt 0.757201 0.775472
vt 0.757201 0.781013
vt 0.705616 0.743804
vt 0.757201 0.735582
vt 0.757201 0.743804
vt 0.705616 0.757568
vt 0.757201 0.749345
vt 0.705616 0.749345
vt 0.757201 0.792095
vt 0.705616 0.786554
vt 0.757201 0.786554
vt 0.705616 0.781013
vt 0.782463 0.566889
vt 0.800368 0.618474
vt 0.782463 0.618474
vt 0.784885 0.106830
vt 0.733300 0.088925
vt 0.784885 0.088925
vt 0.733300 0.083384
vt 0.784885 0.083384
vt 0.784885 0.120593
vt 0.733300 0.128815
vt 0.733300 0.120593
vt 0.733300 0.115052
vt 0.733300 0.106830
vt 0.784885 0.115052
vt 0.784885 0.077843
vt 0.733300 0.072302
vt 0.784885 0.072302
vt 0.733300 0.077843
vt 0.801686 0.408177
vt 0.819590 0.459762
vt 0.801686 0.459762
vt 0.651394 0.770110
vt 0.599809 0.752205
vt 0.651394 0.752205
vt 0.599809 0.746664
vt 0.651394 0.746664
vt 0.651394 0.783873
vt 0.599809 0.792095
vt 0.599809 0.783873
vt 0.599809 0.778332
vt 0.599809 0.770110
vt 0.651394 0.778332
vt 0.651394 0.741123
vt 0.599809 0.735582
vt 0.651394 0.735582
vt 0.599809 0.741123
vt 0.802444 0.202564
vt 0.820349 0.254149
vt 0.802444 0.254149
vt 0.774065 0.035187
vt 0.722480 0.017283
vt 0.774065 0.017283
vt 0.774065 0.011742
vt 0.722480 0.011742
vt 0.722480 0.048951
vt 0.774065 0.057173
vt 0.722480 0.057173
vt 0.722480 0.035187
vt 0.774065 0.043409
vt 0.722480 0.043409
vt 0.774065 0.048951
vt 0.774065 0.000659
vt 0.722480 0.006200
vt 0.722480 0.000659
vt 0.774065 0.006200
vt 0.823342 0.137455
vt 0.805437 0.189039
vt 0.805437 0.137455
vt 0.803131 0.406859
vt 0.785226 0.355274
vt 0.803131 0.355274
vt 0.831991 0.459762
vt 0.837532 0.408177
vt 0.837532 0.459762
vt 0.771463 0.406859
vt 0.763241 0.355274
vt 0.771463 0.355274
vt 0.785226 0.406859
vt 0.777004 0.355274
vt 0.777004 0.406859
vt 0.820909 0.459762
vt 0.826450 0.408177
vt 0.826450 0.459762
vt 0.831991 0.408177
vt 0.804449 0.406859
vt 0.822353 0.355274
vt 0.822353 0.406859
vt 0.237897 0.796486
vt 0.289481 0.778581
vt 0.289481 0.796486
vt 0.237897 0.802027
vt 0.289481 0.802027
vt 0.237897 0.756596
vt 0.289481 0.764818
vt 0.237897 0.764818
vt 0.237897 0.770359
vt 0.289481 0.770359
vt 0.237897 0.813109
vt 0.289481 0.807568
vt 0.289481 0.813109
vt 0.237897 0.807568
vt 0.811422 0.677750
vt 0.829327 0.729335
vt 0.811422 0.729335
vt 0.705616 0.699736
vt 0.757201 0.717640
vt 0.705616 0.717640
vt 0.757201 0.723181
vt 0.705616 0.685972
vt 0.757201 0.677750
vt 0.757201 0.685972
vt 0.757201 0.691513
vt 0.757201 0.699736
vt 0.705616 0.691513
vt 0.757201 0.734264
vt 0.705616 0.728722
vt 0.757201 0.728722
vt 0.705616 0.723181
vt 0.823331 0.123886
vt 0.805426 0.072302
vt 0.823331 0.072302
vt 0.184993 0.773219
vt 0.236578 0.791124
vt 0.184993 0.791124
vt 0.236578 0.773219
vt 0.184993 0.767678
vt 0.236578 0.767678
vt 0.184993 0.813109
vt 0.236578 0.804887
vt 0.236578 0.813109
vt 0.184993 0.799346
vt 0.236578 0.799346
vt 0.184993 0.804887
vt 0.236578 0.762137
vt 0.184993 0.756596
vt 0.236578 0.756596
vt 0.184993 0.762137
vt 0.829327 0.787167
vt 0.811423 0.735582
vt 0.829327 0.735582
vt 0.758519 0.694374
vt 0.810104 0.712278
vt 0.758519 0.712278
vt 0.810104 0.688832
vt 0.810104 0.694374
vt 0.810104 0.734264
vt 0.758519 0.726041
vt 0.810104 0.726041
vt 0.810104 0.720500
vt 0.758519 0.720500
vt 0.758519 0.683291
vt 0.810104 0.677750
vt 0.810104 0.683291
vt 0.758519 0.688832
vt 0.820349 0.255467
vt 0.802444 0.307052
vt 0.802444 0.255467
vt 0.183675 0.778581
vt 0.132090 0.796486
vt 0.132090 0.778581
vt 0.183675 0.802027
vt 0.132090 0.802027
vt 0.183675 0.756596
vt 0.132090 0.764818
vt 0.132090 0.756596
vt 0.183675 0.770359
vt 0.132090 0.770359
vt 0.183675 0.764818
vt 0.132090 0.807568
vt 0.183675 0.813109
vt 0.132090 0.813109
vt 0.183675 0.807568
vt 0.831733 0.052244
vt 0.813828 0.000659
vt 0.831733 0.000659
vt 0.342385 0.778581
vt 0.290800 0.796486
vt 0.290800 0.778582
vt 0.342385 0.796486
vt 0.290800 0.802027
vt 0.290800 0.756596
vt 0.342385 0.764818
vt 0.290800 0.764818
vt 0.290800 0.770359
vt 0.342385 0.770359
vt 0.342385 0.807568
vt 0.290800 0.813109
vt 0.290800 0.807568
vt 0.342385 0.802027
vt 0.801686 0.566889
vt 0.819590 0.618474
vt 0.801686 0.618474
vt 0.395289 0.778581
vt 0.343703 0.796486
vt 0.343703 0.778581
vt 0.395289 0.802027
vt 0.343703 0.802027
vt 0.395289 0.756596
vt 0.343703 0.764818
vt 0.343703 0.756596
vt 0.395289 0.770359
vt 0.343703 0.770359
vt 0.343703 0.807568
vt 0.395288 0.813109
vt 0.343703 0.813109
vt 0.781145 0.618474
vt 0.763241 0.566889
vt 0.781145 0.566889
vt 0.236578 0.720750
vt 0.184993 0.738654
vt 0.184993 0.720750
vt 0.236578 0.744195
vt 0.184993 0.744195
vt 0.236578 0.698764
vt 0.184993 0.706986
vt 0.184993 0.698764
vt 0.236578 0.712527
vt 0.184993 0.712527
vt 0.236578 0.706986
vt 0.184993 0.749736
vt 0.236578 0.755278
vt 0.184993 0.755278
vt 0.801686 0.513986
vt 0.819590 0.565571
vt 0.801686 0.565571
vt 0.440765 0.752236
vt 0.492350 0.770140
vt 0.440765 0.770140
vt 0.492350 0.752236
vt 0.440765 0.746695
vt 0.492350 0.746695
vt 0.440765 0.792126
vt 0.492350 0.783904
vt 0.492350 0.792126
vt 0.440765 0.778362
vt 0.492350 0.778362
vt 0.440765 0.783904
vt 0.492350 0.741153
vt 0.440765 0.735612
vt 0.492350 0.735612
vt 0.800368 0.459763
vt 0.782463 0.408177
vt 0.800368 0.408177
vt 0.343703 0.715388
vt 0.395289 0.733292
vt 0.343703 0.733292
vt 0.395289 0.715388
vt 0.343703 0.709846
vt 0.395289 0.709846
vt 0.343703 0.755278
vt 0.395289 0.747055
vt 0.395289 0.755278
vt 0.343703 0.741514
vt 0.395289 0.741514
vt 0.343703 0.747055
vt 0.395289 0.704305
vt 0.343703 0.698764
vt 0.395289 0.698764
vt 0.801686 0.619793
vt 0.819590 0.671378
vt 0.801686 0.671378
vt 0.801126 0.277019
vt 0.749541 0.294924
vt 0.749541 0.277019
vt 0.801126 0.271478
vt 0.749541 0.271478
vt 0.749541 0.308687
vt 0.801126 0.316909
vt 0.749541 0.316909
vt 0.801126 0.303146
vt 0.749541 0.303146
vt 0.801126 0.260396
vt 0.749541 0.265937
vt 0.749541 0.260396
vt 0.801126 0.265937
vt 0.782463 0.619793
vt 0.800368 0.671378
vt 0.782463 0.671378
vt 0.748223 0.277019
vt 0.696638 0.294924
vt 0.696638 0.277019
vt 0.748223 0.271478
vt 0.696638 0.271478
vt 0.696638 0.308687
vt 0.748223 0.316909
vt 0.696638 0.316909
vt 0.748223 0.303146
vt 0.696638 0.303146
vt 0.748223 0.308687
vt 0.748223 0.260396
vt 0.696638 0.265937
vt 0.696638 0.260396
vt 0.748223 0.265937
vt 0.819590 0.461082
vt 0.801686 0.512667
vt 0.801686 0.461082
vt 0.801126 0.219187
vt 0.749541 0.237092
vt 0.749541 0.219187
vt 0.801126 0.213646
vt 0.749541 0.213646
vt 0.749541 0.250855
vt 0.801126 0.259077
vt 0.749541 0.259077
vt 0.801126 0.237092
vt 0.749541 0.245314
vt 0.801126 0.250855
vt 0.801126 0.202564
vt 0.749541 0.208105
vt 0.749541 0.202564
vt 0.801126 0.208105
vt 0.781145 0.513986
vt 0.763241 0.565571
vt 0.763241 0.513986
vt 0.342385 0.715388
vt 0.290800 0.733292
vt 0.290800 0.715388
vt 0.342385 0.709846
vt 0.290800 0.709846
vt 0.290800 0.747055
vt 0.342385 0.755278
vt 0.290800 0.755278
vt 0.342385 0.741514
vt 0.290800 0.741514
vt 0.342385 0.698764
vt 0.290800 0.704305
vt 0.290800 0.698764
vt 0.342385 0.704305
vt 0.598360 0.792096
vt 0.546775 0.786554
vt 0.598360 0.786554
vt 0.763241 0.671378
vt 0.781145 0.619793
vt 0.781145 0.671378
vt 0.598360 0.781013
vt 0.546775 0.743804
vt 0.598360 0.735582
vt 0.598360 0.743804
vt 0.598360 0.749345
vt 0.546775 0.757568
vt 0.598360 0.757568
vt 0.546775 0.775472
vt 0.546775 0.781013
vt 0.598360 0.775472
vt 0.484698 0.002532
vt 0.484698 0.002540
vt 0.476595 0.002530
vt 0.484699 0.002540
vt 0.484693 0.036492
vt 0.476664 0.070951
vt 0.501028 0.001075
vt 0.500871 0.001085
vt 0.501028 0.001075
vt 0.492789 0.002539
vt 0.492788 0.002547
vt 0.484656 0.070958
vt 0.822751 0.461092
vt 0.822750 0.461092
vt 0.821830 0.461085
vt 0.821836 0.508414
vt 0.824349 0.493936
vt 0.825208 0.508413
vt 0.820909 0.461085
vt 0.821830 0.461084
vt 0.820982 0.508414
vt 0.500873 0.001134
vt 0.500871 0.001085
vt 0.500871 0.001093
vt 0.501076 0.001121
vt 0.501084 0.001121
vt 0.501085 0.001129
vt 0.500881 0.001378
vt 0.500875 0.001175
vt 0.500901 0.002605
vt 0.500887 0.001582
vt 0.500901 0.002613
vt 0.492649 0.070968
vt 0.500902 0.002605
vt 0.500902 0.002613
vt 0.476608 0.002531
vt 0.476677 0.002538
vt 0.501028 0.001075
vt 0.500844 0.000669
vt 0.501001 0.000659
vt 0.821853 0.461082
vt 0.830051 0.508414
vt 0.821833 0.484574
vt 0.501119 0.001148
vt 0.501119 0.001148
vt 0.501119 0.001148
vt 0.500659 0.070983
vt 0.500727 0.070983
vt 0.598361 0.677750
vt 0.546818 0.683291
vt 0.546775 0.677750
vt 0.763241 0.408177
vt 0.781145 0.459764
vt 0.763241 0.459764
vt 0.598404 0.683291
vt 0.546861 0.688832
vt 0.546818 0.726041
vt 0.598361 0.734264
vt 0.546775 0.734264
vt 0.546861 0.720500
vt 0.598404 0.726041
vt 0.546904 0.712278
vt 0.598448 0.720500
vt 0.598448 0.688832
vt 0.546904 0.694374
vt 0.598491 0.712278
vt 0.598491 0.694374
vt 0.493784 0.683291
vt 0.545327 0.677750
vt 0.545370 0.683291
vt 0.121664 0.740603
vt 0.103759 0.689016
vt 0.121664 0.689016
vt 0.493827 0.688832
vt 0.545413 0.688832
vt 0.545327 0.734264
vt 0.493783 0.726041
vt 0.545370 0.726041
vt 0.493827 0.720500
vt 0.545413 0.720500
vt 0.493870 0.712278
vt 0.493870 0.694374
vt 0.545456 0.694374
vt 0.545456 0.712278
vt 0.440775 0.728744
vt 0.445014 0.729678
vt 0.445006 0.734294
vt 0.476595 0.350687
vt 0.480840 0.332782
vt 0.480840 0.350687
vt 0.440784 0.723207
vt 0.445024 0.724141
vt 0.445015 0.728757
vt 0.440879 0.686028
vt 0.445120 0.685965
vt 0.445120 0.685970
vt 0.492402 0.691678
vt 0.440859 0.691565
vt 0.492376 0.699893
vt 0.440833 0.699781
vt 0.440794 0.717670
vt 0.492337 0.718636
vt 0.445033 0.718604
vt 0.492337 0.717783
vt 0.001543 0.024040
vt 0.001718 0.030178
vt 0.000659 0.003355
vt 0.021025 0.011197
vt 0.027929 0.017143
vt 0.002550 0.059265
vt 0.002725 0.065403
vt 0.022031 0.046422
vt 0.028936 0.052368
vt 0.003553 0.094321
vt 0.003729 0.100459
vt 0.023034 0.081478
vt 0.029938 0.087423
vt 0.004569 0.129674
vt 0.004746 0.135812
vt 0.024047 0.116829
vt 0.030951 0.122773
vt 0.005563 0.163938
vt 0.005741 0.170074
vt 0.025031 0.151090
vt 0.031934 0.157031
vt 0.006585 0.198518
vt 0.006768 0.204646
vt 0.026022 0.185676
vt 0.032919 0.191610
vt 0.007662 0.234159
vt 0.007848 0.240250
vt 0.027001 0.221386
vt 0.033864 0.227312
vt 0.008666 0.267629
vt 0.008843 0.273615
vt 0.027763 0.255087
vt 0.034529 0.261002
vt 0.006031 0.301621
vt 0.033126 0.296731
vt 0.033127 0.296734
vt 0.033151 0.295703
vt 0.030329 0.293144
vt 0.026216 0.289383
vt 0.007922 0.289977
vt 0.032920 0.302615
vt 0.025713 0.308967
vt 0.005190 0.306904
vt 0.003216 0.337845
vt 0.003076 0.344325
vt 0.024460 0.325436
vt 0.031369 0.332077
vt 0.002552 0.375574
vt 0.002460 0.382020
vt 0.023610 0.363066
vt 0.030549 0.369645
vt 0.002085 0.411814
vt 0.002012 0.418213
vt 0.022968 0.399346
vt 0.029881 0.405871
vt 0.001703 0.447394
vt 0.001643 0.453736
vt 0.022395 0.435038
vt 0.029257 0.441512
vt 0.001378 0.483747
vt 0.001333 0.490022
vt 0.021837 0.471511
vt 0.028633 0.477915
vt 0.001141 0.519382
vt 0.001108 0.525580
vt 0.021321 0.507278
vt 0.028037 0.513601
vt 0.000987 0.554701
vt 0.000976 0.560804
vt 0.020851 0.542762
vt 0.027478 0.548985
vt 0.000936 0.589506
vt 0.000951 0.595508
vt 0.020451 0.577708
vt 0.026982 0.583800
vt 0.001011 0.623652
vt 0.001049 0.629535
vt 0.020114 0.612049
vt 0.026532 0.618005
vt 0.001233 0.656934
vt 0.001291 0.662688
vt 0.019862 0.645522
vt 0.026154 0.651343
vt 0.001592 0.689711
vt 0.001677 0.695321
vt 0.019712 0.678525
vt 0.025866 0.684183
vt 0.002106 0.720606
vt 0.002220 0.726055
vt 0.019673 0.709725
vt 0.025670 0.715224
vt 0.002790 0.750895
vt 0.002937 0.756178
vt 0.019769 0.740278
vt 0.025607 0.745589
vt 0.020012 0.770854
vt 0.003850 0.786361
vt 0.025688 0.775940
vt 0.003669 0.781256
vt 0.004719 0.808953
vt 0.004938 0.813859
vt 0.020371 0.798928
vt 0.025850 0.803812
vt 0.005999 0.836819
vt 0.006232 0.841492
vt 0.020886 0.827177
vt 0.026147 0.831825
vt 0.021504 0.853752
vt 0.007551 0.867417
vt 0.026537 0.858176
vt 0.007306 0.862966
vt 0.008679 0.888401
vt 0.008932 0.892645
vt 0.022167 0.879513
vt 0.026981 0.883691
vt 0.010099 0.911806
vt 0.010369 0.915838
vt 0.022858 0.903300
vt 0.027446 0.907245
vt 0.011670 0.933720
vt 0.011980 0.937525
vt 0.023612 0.925636
vt 0.027960 0.929341
vt 0.013627 0.954949
vt 0.014016 0.958487
vt 0.024508 0.947173
vt 0.028604 0.950553
vt 0.057309 0.023309
vt 0.057527 0.030931
vt 0.076706 0.007496
vt 0.077359 0.030365
vt 0.083652 0.014927
vt 0.061280 0.162728
vt 0.061493 0.170344
vt 0.080675 0.146937
vt 0.081312 0.169799
vt 0.087616 0.154369
vt 0.016075 0.974164
vt 0.016540 0.977299
vt 0.025469 0.966831
vt 0.029219 0.969799
vt 0.019722 0.992006
vt 0.020472 0.995045
vt 0.028056 0.984144
vt 0.031649 0.986318
vt 0.516683 0.446373
vt 0.504754 0.464225
vt 0.476614 0.413490
vt 0.498980 0.391123
vt 0.525281 0.373550
vt 0.554504 0.361445
vt 0.585528 0.355274
vt 0.617159 0.355274
vt 0.648183 0.361445
vt 0.652972 0.419264
vt 0.633136 0.411048
vt 0.612078 0.406859
vt 0.531864 0.431192
vt 0.549716 0.419264
vt 0.590609 0.406859
vt 0.670823 0.431192
vt 0.703707 0.391123
vt 0.726073 0.413490
vt 0.743647 0.439790
vt 0.755751 0.469014
vt 0.761922 0.500037
vt 0.761922 0.531669
vt 0.755752 0.562692
vt 0.726074 0.618216
vt 0.703707 0.640583
vt 0.677406 0.658156
vt 0.648183 0.670261
vt 0.617159 0.676432
vt 0.585528 0.676432
vt 0.554504 0.670261
vt 0.498980 0.640583
vt 0.476614 0.618216
vt 0.459040 0.591916
vt 0.446936 0.562692
vt 0.440765 0.531669
vt 0.440765 0.500037
vt 0.446936 0.469014
vt 0.496538 0.484061
vt 0.492350 0.505118
vt 0.686005 0.446373
vt 0.697933 0.464225
vt 0.492350 0.526588
vt 0.496538 0.547645
vt 0.706149 0.484061
vt 0.504755 0.567481
vt 0.710338 0.505118
vt 0.710337 0.526588
vt 0.516683 0.585333
vt 0.531864 0.600514
vt 0.706149 0.547645
vt 0.697933 0.567481
vt 0.549716 0.612442
vt 0.569551 0.620658
vt 0.686005 0.585332
vt 0.670823 0.600514
vt 0.590609 0.624847
vt 0.612079 0.624847
vt 0.652972 0.612442
vt 0.121928 0.668556
vt 0.104024 0.685180
vt 0.121928 0.685180
vt 0.128003 0.674097
vt 0.104024 0.679638
vt 0.121928 0.646917
vt 0.104024 0.663541
vt 0.121928 0.663541
vt 0.128003 0.652458
vt 0.104024 0.657999
vt 0.121928 0.625430
vt 0.104024 0.642054
vt 0.121928 0.642054
vt 0.128003 0.630972
vt 0.104024 0.636513
vt 0.121928 0.603676
vt 0.104024 0.620300
vt 0.121928 0.620300
vt 0.128003 0.609217
vt 0.104024 0.614759
vt 0.104024 0.593983
vt 0.104024 0.599524
vt 0.121928 0.582901
vt 0.121928 0.599524
vt 0.128003 0.588442
vt 0.121928 0.561818
vt 0.104024 0.578442
vt 0.121928 0.578442
vt 0.128003 0.567359
vt 0.104024 0.572900
vt 0.121928 0.539668
vt 0.104024 0.556292
vt 0.121928 0.556292
vt 0.128003 0.545209
vt 0.104024 0.550751
vt 0.121928 0.518767
vt 0.104024 0.535391
vt 0.121928 0.535391
vt 0.128003 0.524308
vt 0.104024 0.529849
vt 0.104024 0.513052
vt 0.121928 0.513052
vt 0.121928 0.496428
vt 0.128003 0.501969
vt 0.104024 0.507511
vt 0.121928 0.475584
vt 0.104024 0.492207
vt 0.121928 0.492207
vt 0.128003 0.481125
vt 0.104024 0.486666
vt 0.121928 0.453434
vt 0.104024 0.470057
vt 0.121928 0.470057
vt 0.128003 0.458975
vt 0.104024 0.464516
vt 0.104024 0.443434
vt 0.104024 0.448975
vt 0.121928 0.432351
vt 0.121928 0.448975
vt 0.128003 0.437892
vt 0.121928 0.411576
vt 0.104024 0.428200
vt 0.121928 0.428200
vt 0.128003 0.417117
vt 0.104024 0.422658
vt 0.121928 0.389822
vt 0.104024 0.406445
vt 0.121928 0.406445
vt 0.128003 0.395363
vt 0.104024 0.400904
vt 0.121928 0.368335
vt 0.104024 0.384959
vt 0.121928 0.384959
vt 0.128003 0.373876
vt 0.104024 0.379418
vt 0.121928 0.346696
vt 0.104024 0.363320
vt 0.121928 0.363320
vt 0.128003 0.352238
vt 0.104024 0.357779
vt 0.121928 0.325036
vt 0.104024 0.341659
vt 0.121928 0.341659
vt 0.128003 0.330577
vt 0.104024 0.336118
vt 0.121928 0.303397
vt 0.104024 0.320021
vt 0.121928 0.320021
vt 0.128003 0.308938
vt 0.104024 0.314479
vt 0.121928 0.281911
vt 0.104024 0.298534
vt 0.121928 0.298534
vt 0.128003 0.287452
vt 0.104024 0.292993
vt 0.104024 0.271239
vt 0.104024 0.276780
vt 0.121928 0.260156
vt 0.121928 0.276780
vt 0.128003 0.265698
vt 0.121928 0.239381
vt 0.104024 0.256005
vt 0.121928 0.256005
vt 0.128003 0.244922
vt 0.104024 0.250463
vt 0.121928 0.218298
vt 0.104024 0.234922
vt 0.121928 0.234922
vt 0.128003 0.223840
vt 0.104024 0.229381
vt 0.121928 0.196149
vt 0.104024 0.212772
vt 0.121928 0.212772
vt 0.128003 0.201690
vt 0.104024 0.207231
vt 0.121928 0.175276
vt 0.104024 0.191901
vt 0.121928 0.191901
vt 0.128003 0.180818
vt 0.104024 0.186359
vt 0.121928 0.153618
vt 0.104024 0.170242
vt 0.121928 0.170242
vt 0.128003 0.159159
vt 0.104024 0.164700
vt 0.121928 0.132064
vt 0.104024 0.148688
vt 0.121928 0.148688
vt 0.128003 0.137605
vt 0.104024 0.143147
vt 0.121928 0.109915
vt 0.104024 0.126538
vt 0.121928 0.126538
vt 0.128003 0.115456
vt 0.104024 0.120997
vt 0.121928 0.088832
vt 0.104024 0.105456
vt 0.121928 0.105456
vt 0.128003 0.094373
vt 0.104024 0.099915
vt 0.121928 0.068057
vt 0.104024 0.084681
vt 0.121928 0.084681
vt 0.128003 0.073598
vt 0.104024 0.079139
vt 0.121928 0.046303
vt 0.104024 0.062926
vt 0.121928 0.062926
vt 0.128003 0.051844
vt 0.104024 0.057385
vt 0.121928 0.024816
vt 0.104024 0.041440
vt 0.121928 0.041440
vt 0.128003 0.030358
vt 0.104024 0.035899
vt 0.121928 0.003178
vt 0.103760 0.000659
vt 0.104024 0.019801
vt 0.121928 0.019801
vt 0.128003 0.008719
vt 0.104024 0.014260
vt 0.374325 0.240286
vt 0.313400 0.271533
vt 0.260690 0.258680
vt 0.224086 0.128938
vt 0.349263 0.098725
vt 0.213444 0.182733
vt 0.422107 0.597560
vt 0.405489 0.628109
vt 0.382029 0.657323
vt 0.433302 0.566368
vt 0.439447 0.504289
vt 0.439072 0.535096
vt 0.425219 0.447616
vt 0.434663 0.475010
vt 0.393498 0.400841
vt 0.411334 0.422566
vt 0.372373 0.382841
vt 0.295849 0.355274
vt 0.322743 0.359659
vt 0.268740 0.355818
vt 0.194446 0.385665
vt 0.217246 0.371250
vt 0.158202 0.425321
vt 0.174611 0.403902
vt 0.136894 0.475482
vt 0.145578 0.449383
vt 0.132090 0.533004
vt 0.132368 0.503565
vt 0.136118 0.563627
vt 0.183571 0.655429
vt 0.160150 0.625073
vt 0.145030 0.593901
vt 0.307203 0.697446
vt 0.260242 0.697446
vt 0.349261 0.682466
vt 0.056370 0.556404
vt 0.056146 0.563979
vt 0.076669 0.541937
vt 0.075791 0.564709
vt 0.083092 0.549805
vt 0.049795 0.782102
vt 0.049626 0.788410
vt 0.066787 0.770150
vt 0.065884 0.789132
vt 0.072080 0.776774
vt 0.052380 0.690498
vt 0.052169 0.697446
vt 0.071080 0.677324
vt 0.070125 0.698207
vt 0.076925 0.684599
vt 0.059276 0.449964
vt 0.059073 0.457842
vt 0.080270 0.434773
vt 0.079540 0.458469
vt 0.087005 0.442891
vt 0.061883 0.340056
vt 0.061704 0.348027
vt 0.082940 0.324482
vt 0.082490 0.348463
vt 0.089850 0.332591
vt 0.047162 0.888767
vt 0.047026 0.894029
vt 0.061423 0.878829
vt 0.060572 0.894721
vt 0.065830 0.884414
vt 0.049091 0.810337
vt 0.048936 0.816382
vt 0.065423 0.798859
vt 0.064528 0.817083
vt 0.070511 0.805222
vt 0.058305 0.058142
vt 0.058522 0.065765
vt 0.077701 0.042330
vt 0.078354 0.065199
vt 0.084647 0.049761
vt 0.058328 0.486182
vt 0.058117 0.493975
vt 0.079136 0.471208
vt 0.078355 0.494644
vt 0.085784 0.479258
vt 0.055340 0.591370
vt 0.055115 0.598813
vt 0.075312 0.577169
vt 0.074401 0.599568
vt 0.081610 0.584917
vt 0.062218 0.197539
vt 0.062418 0.205146
vt 0.081635 0.181790
vt 0.082233 0.204650
vt 0.088566 0.189231
vt 0.045818 0.987332
vt 0.046308 0.988833
vt 0.043528 0.981712
vt 0.043782 0.982331
vt 0.045515 0.986820
vt 0.046882 0.989382
vt 0.048857 0.991684
vt 0.050199 0.991032
vt 0.052043 0.990308
vt 0.051547 0.983715
vt 0.052960 0.986695
vt 0.046572 0.912160
vt 0.046435 0.917123
vt 0.060120 0.902812
vt 0.059211 0.917859
vt 0.064275 0.908126
vt 0.054333 0.625044
vt 0.054110 0.632338
vt 0.073930 0.611165
vt 0.073005 0.633109
vt 0.080099 0.618770
vt 0.043328 0.972327
vt 0.042925 0.976044
vt 0.054538 0.966360
vt 0.052327 0.978208
vt 0.057355 0.970982
vt 0.051488 0.721541
vt 0.051287 0.728287
vt 0.069654 0.708766
vt 0.068718 0.729053
vt 0.075327 0.715844
vt 0.059299 0.092940
vt 0.059517 0.100561
vt 0.078694 0.077129
vt 0.079347 0.099996
vt 0.085640 0.084559
vt 0.050631 0.751887
vt 0.050442 0.758415
vt 0.068238 0.739533
vt 0.067295 0.759160
vt 0.073724 0.746392
vt 0.061024 0.377622
vt 0.060836 0.385609
vt 0.082204 0.362125
vt 0.081618 0.386136
vt 0.089073 0.370299
vt 0.063007 0.233307
vt 0.063153 0.240904
vt 0.082531 0.217668
vt 0.082992 0.240570
vt 0.089443 0.225154
vt 0.048428 0.837537
vt 0.048280 0.843325
vt 0.064070 0.826562
vt 0.063190 0.844000
vt 0.068932 0.832681
vt 0.047804 0.863377
vt 0.047659 0.868902
vt 0.062762 0.852938
vt 0.061893 0.869576
vt 0.067398 0.858785
vt 0.057361 0.521524
vt 0.057142 0.529218
vt 0.077937 0.506792
vt 0.077108 0.529922
vt 0.084475 0.514766
vt 0.060160 0.414063
vt 0.059966 0.422010
vt 0.081291 0.398696
vt 0.080623 0.422588
vt 0.088101 0.406858
vt 0.044998 0.954308
vt 0.044775 0.958496
vt 0.057005 0.946796
vt 0.055543 0.959870
vt 0.060433 0.951647
vt 0.060304 0.128166
vt 0.060521 0.135786
vt 0.079698 0.112360
vt 0.080347 0.135225
vt 0.086642 0.119790
vt 0.045936 0.933910
vt 0.045779 0.938521
vt 0.058722 0.925323
vt 0.057678 0.939449
vt 0.062582 0.930387
vt 0.063193 0.267993
vt 0.063164 0.275616
vt 0.083131 0.252602
vt 0.083245 0.275714
vt 0.090012 0.260245
vt 0.053347 0.657961
vt 0.053126 0.665094
vt 0.072521 0.644429
vt 0.071581 0.665872
vt 0.078529 0.651886
vt 0.062677 0.303737
vt 0.062504 0.311676
vt 0.083392 0.288169
vt 0.083144 0.311962
vt 0.090256 0.296137
vt 0.433003 0.223312
vt 0.408347 0.235871
vt 0.424795 0.244013
vt 0.436629 0.232520
vt 0.410939 0.229862
vt 0.206875 0.102331
vt 0.210908 0.096431
vt 0.181723 0.105924
vt 0.193543 0.082688
vt 0.178597 0.095057
vt 0.193165 0.215566
vt 0.191094 0.209283
vt 0.191067 0.209397
vt 0.173591 0.214172
vt 0.175953 0.232561
vt 0.169658 0.222943
vt 0.172233 0.230373
vt 0.313284 0.058066
vt 0.319848 0.058875
vt 0.300731 0.038307
vt 0.322912 0.040580
vt 0.308748 0.032289
vt 0.395702 0.078637
vt 0.395774 0.106125
vt 0.410060 0.095050
vt 0.405356 0.079450
vt 0.391556 0.101179
vt 0.341588 0.312765
vt 0.317449 0.298208
vt 0.319512 0.316550
vt 0.335653 0.320743
vt 0.324016 0.297328
vt 0.265832 0.060333
vt 0.272573 0.058844
vt 0.246761 0.046653
vt 0.268708 0.040697
vt 0.251953 0.038165
vt 0.216221 0.257617
vt 0.211743 0.252192
vt 0.210757 0.283619
vt 0.195895 0.263646
vt 0.199346 0.282228
vt 0.388797 0.289387
vt 0.361968 0.287129
vt 0.370513 0.301925
vt 0.386561 0.298980
vt 0.367108 0.283260
vt 0.375460 0.062216
vt 0.380510 0.089351
vt 0.392646 0.075825
vt 0.385141 0.061333
vt 0.375457 0.085239
vt 0.438961 0.171339
vt 0.420660 0.192005
vt 0.438814 0.193439
vt 0.445618 0.178537
vt 0.420870 0.185495
vt 0.188951 0.146946
vt 0.190176 0.140353
vt 0.168480 0.158320
vt 0.171894 0.136402
vt 0.162913 0.150084
vt 0.425764 0.121329
vt 0.416279 0.146957
vt 0.433566 0.141781
vt 0.434488 0.125636
vt 0.414146 0.140836
vt 0.254803 0.286791
vt 0.248472 0.283973
vt 0.261910 0.309912
vt 0.240297 0.301566
vt 0.252432 0.313728
vt 0.195623 0.124297
vt 0.198050 0.117812
vt 0.172918 0.132415
vt 0.179979 0.110510
vt 0.168558 0.123128
vt 0.335692 0.063233
vt 0.341958 0.065283
vt 0.327028 0.041575
vt 0.348300 0.048128
vt 0.335929 0.037255
vt 0.187791 0.193221
vt 0.186809 0.186738
vt 0.172579 0.210244
vt 0.168774 0.188714
vt 0.164842 0.204355
vt 0.422991 0.247856
vt 0.396234 0.255287
vt 0.410793 0.266432
vt 0.424839 0.257513
vt 0.399889 0.249882
vt 0.289234 0.057104
vt 0.295906 0.056721
vt 0.272974 0.040034
vt 0.295525 0.038162
vt 0.279693 0.032535
vt 0.202770 0.237596
vt 0.199494 0.231649
vt 0.193330 0.259561
vt 0.182790 0.239579
vt 0.183713 0.256365
vt 0.438393 0.197900
vt 0.416480 0.214763
vt 0.434145 0.219486
vt 0.443615 0.206311
vt 0.417856 0.208379
vt 0.314329 0.316784
vt 0.293415 0.297786
vt 0.292016 0.316427
vt 0.306891 0.323473
vt 0.300065 0.298101
vt 0.366441 0.304024
vt 0.340218 0.294499
vt 0.345721 0.311832
vt 0.362276 0.312727
vt 0.346644 0.292563
vt 0.186389 0.170327
vt 0.186465 0.163737
vt 0.168393 0.184695
vt 0.168097 0.162858
vt 0.161637 0.177604
vt 0.223787 0.083299
vt 0.229147 0.078662
vt 0.196678 0.078645
vt 0.217524 0.062433
vt 0.198231 0.066834
vt 0.233347 0.274223
vt 0.227749 0.269975
vt 0.235518 0.299469
vt 0.213773 0.286404
vt 0.224856 0.301864
vt 0.412482 0.098310
vt 0.407743 0.125355
vt 0.423712 0.117101
vt 0.421836 0.100985
vt 0.404512 0.119739
vt 0.434627 0.145699
vt 0.420588 0.169270
vt 0.438587 0.167313
vt 0.442454 0.151537
vt 0.419601 0.162844
vt 0.287783 0.315722
vt 0.270490 0.293029
vt 0.265797 0.311263
vt 0.279205 0.320954
vt 0.277063 0.294557
vt 0.344916 0.066453
vt 0.344953 0.066520
vt 0.362055 0.075338
vt 0.371852 0.059867
vt 0.351860 0.049561
vt 0.368683 0.050589
vt 0.368257 0.050520
vt 0.361249 0.046806
vt 0.361988 0.075355
vt 0.345895 0.066992
vt 0.357382 0.072733
vt 0.356419 0.072309
vt 0.350680 0.069272
vt 0.350736 0.069405
vt 0.407639 0.270549
vt 0.380118 0.272736
vt 0.391957 0.286549
vt 0.407364 0.280497
vt 0.384725 0.268179
vt 0.243791 0.068504
vt 0.249501 0.064907
vt 0.221624 0.059577
vt 0.242339 0.048527
vt 0.225149 0.049677
vt 0.168773 0.044749
vt 0.178296 0.309294
vt 0.792751 0.318228
vt 0.695319 0.266355
vt 0.695319 0.202564
vt 0.569313 0.828769
vt 0.476595 0.136134
vt 0.588535 0.793414
vt 0.659964 0.331464
vt 0.659964 0.267673
vt 0.752987 0.353583
vt 0.695308 0.110852
vt 0.493740 0.793414
vt 0.721162 0.039209
vt 0.714542 0.318228
vt 0.696637 0.201245
vt 0.696637 0.137455
vt 0.694604 0.793414
vt 0.695319 0.180600
vt 0.659964 0.201245
vt 0.715860 0.318228
vt 0.696626 0.072302
vt 0.696626 0.136092
vt 0.530867 0.828769
vt 0.548613 0.072302
vt 0.820909 0.549341
vt 0.621961 0.115447
vt 0.586605 0.136092
vt 0.638254 0.828769
vt 0.585298 0.211743
vt 0.585298 0.266355
vt 0.103759 0.794825
vt 0.621972 0.185184
vt 0.838813 0.550659
vt 0.476595 0.266355
vt 0.476595 0.202564
vt 0.619032 0.828769
vt 0.506002 0.184963
vt 0.476595 0.191900
vt 0.506002 0.190692
vt 0.476595 0.137621
vt 0.476595 0.137455
vt 0.511951 0.144337
vt 0.506002 0.144503
vt 0.820909 0.624006
vt 0.549943 0.137455
vt 0.549943 0.201246
vt 0.458669 0.793444
vt 0.548624 0.180600
vt 0.821667 0.237919
vt 0.502438 0.064450
vt 0.502438 0.000659
vt 0.809940 0.793414
vt 0.585298 0.306223
vt 0.585298 0.331464
vt 0.820909 0.587333
vt 0.513269 0.202564
vt 0.513269 0.266355
vt 0.790717 0.793414
vt 0.585287 0.115447
vt 0.829878 0.318228
vt 0.548624 0.310818
vt 0.548624 0.276853
vt 0.548624 0.324582
vt 0.715145 0.793414
vt 0.575785 0.000659
vt 0.575785 0.064450
vt 0.829162 0.793414
vt 0.574467 0.039209
vt 0.459987 0.828799
vt 0.476595 0.331464
vt 0.476595 0.267673
vt 0.734367 0.828769
vt 0.649132 0.064450
vt 0.684488 0.000659
vt 0.771495 0.793414
vt 0.658645 0.176005
vt 0.695922 0.793414
vt 0.623290 0.267673
vt 0.623290 0.331464
vt 0.532186 0.828769
vt 0.658646 0.245709
vt 0.657477 0.793414
vt 0.623279 0.122328
vt 0.623279 0.072302
vt 0.623279 0.088363
vt 0.623279 0.136092
vt 0.599809 0.828769
vt 0.612459 0.064450
vt 0.612459 0.048389
vt 0.612459 0.000659
vt 0.791432 0.318228
vt 0.621972 0.241114
vt 0.621972 0.257175
vt 0.621972 0.209446
vt 0.772210 0.318228
vt 0.621972 0.310818
vt 0.621972 0.324582
vt 0.121664 0.793507
vt 0.758519 0.792096
vt 0.396607 0.754694
vt 0.652712 0.781013
vt 0.704298 0.735582
vt 0.652712 0.749345
vt 0.652712 0.792095
vt 0.793288 0.052244
vt 0.748223 0.237092
vt 0.748223 0.250855
vt 0.748223 0.208105
vt 0.786215 0.137455
vt 0.545326 0.749345
vt 0.545326 0.786554
vt 0.763241 0.461082
vt 0.651394 0.723181
vt 0.651394 0.677750
vt 0.651394 0.691513
vt 0.651394 0.734264
vt 0.804108 0.123887
vt 0.652712 0.734264
vt 0.652712 0.677750
vt 0.782463 0.512668
vt 0.132090 0.755278
vt 0.132090 0.741514
vt 0.132090 0.698764
vt 0.415830 0.806279
vt 0.733311 0.193968
vt 0.733311 0.137455
vt 0.782463 0.513986
vt 0.237897 0.744195
vt 0.237897 0.698764
vt 0.237897 0.712527
vt 0.237897 0.755278
vt 0.794606 0.000659
vt 0.705616 0.735582
vt 0.705616 0.792095
vt 0.800368 0.566889
vt 0.784885 0.128815
vt 0.819590 0.408177
vt 0.651394 0.792095
vt 0.820349 0.202564
vt 0.823342 0.189039
vt 0.763241 0.406859
vt 0.820909 0.408177
vt 0.804449 0.355274
vt 0.237897 0.778581
vt 0.289481 0.756596
vt 0.829327 0.677750
vt 0.705616 0.677750
vt 0.705616 0.734264
vt 0.805426 0.123886
vt 0.811423 0.787167
vt 0.758519 0.734264
vt 0.758519 0.677750
vt 0.820349 0.307052
vt 0.183675 0.796486
vt 0.813828 0.052244
vt 0.342385 0.756596
vt 0.342385 0.813109
vt 0.819590 0.566889
vt 0.395289 0.796486
vt 0.395289 0.764818
vt 0.395289 0.807568
vt 0.763241 0.618474
vt 0.236578 0.738654
vt 0.236578 0.749736
vt 0.819590 0.513986
vt 0.440765 0.741153
vt 0.782463 0.459763
vt 0.343703 0.704305
vt 0.819590 0.619793
vt 0.801126 0.294924
vt 0.801126 0.308687
vt 0.800368 0.619793
vt 0.748223 0.294924
vt 0.819590 0.512667
vt 0.801126 0.245314
vt 0.781145 0.565571
vt 0.342385 0.733292
vt 0.342385 0.747055
vt 0.546775 0.792096
vt 0.763241 0.619793
vt 0.546775 0.735582
vt 0.546775 0.749345
vt 0.821832 0.461086
vt 0.820909 0.461084
vt 0.501028 0.001083
vt 0.500873 0.001134
vt 0.500881 0.001378
vt 0.476595 0.070951
vt 0.500871 0.001085
vt 0.830065 0.461087
vt 0.781145 0.408177
vt 0.493740 0.677750
vt 0.103759 0.740603
vt 0.493740 0.734264
vt 0.440765 0.734280
vt 0.476595 0.332782
vt 0.445025 0.723220
vt 0.492422 0.686094
vt 0.492422 0.686141
vt 0.440765 0.677813
vt 0.445006 0.677750
vt 0.445101 0.684599
vt 0.445034 0.718600
s 1
usemtl マテリアル
f 21/1/1 1041/2/2 1042/3/3
f 9/4/4 1043/5/2 1046/6/2
f 32/7/5 1057/8/6 1058/9/7
f 27/10/1 1059/11/6 1062/12/6
f 41/13/8 1065/14/9 1066/15/10
f 38/16/5 1067/17/9 1070/18/9
f 48/19/11 1281/20/12 1282/21/12
f 45/22/8 1283/23/12 1286/24/12
f 56/25/13 1293/26/14 1292/27/15
f 53/28/11 1291/29/14 1294/30/14
f 63/31/16 1317/32/17 1316/33/18
f 60/34/13 1315/35/17 1318/36/17
f 70/37/19 1324/38/20 1325/39/21
f 67/40/16 1323/41/20 1326/42/20
f 76/43/22 1477/44/23 1476/45/24
f 74/46/19 1475/47/23 1478/48/23
f 79/49/25 1459/50/26 1458/51/27
f 79/49/25 1456/52/28 1503/53/29
f 82/54/30 1380/55/31 1381/56/32
f 81/57/25 1379/58/31 1382/59/31
f 86/60/33 1389/61/34 1388/62/35
f 84/63/30 1387/64/34 1390/65/34
f 88/66/36 1221/67/37 1220/68/38
f 87/69/33 1219/70/37 1222/71/37
f 91/72/39 1229/73/40 1228/74/40
f 90/75/36 1227/76/40 1230/77/40
f 94/78/41 1125/79/42 1124/80/43
f 93/81/39 1123/82/42 1126/83/42
f 98/84/44 1133/85/45 1132/86/46
f 96/87/41 1131/88/46 1134/89/46
f 101/90/47 1013/91/48 1012/92/49
f 99/93/44 1011/94/48 1014/95/48
f 104/96/50 1029/97/51 1028/98/52
f 102/99/47 1027/100/51 1030/101/51
f 106/102/53 1093/103/54 1092/104/55
f 105/105/50 1091/106/55 1094/107/55
f 109/108/56 1101/109/57 1100/110/58
f 108/111/53 1099/112/57 1102/113/57
f 112/114/59 1253/115/60 1252/116/61
f 111/117/56 1251/118/60 1254/119/60
f 115/120/62 1257/121/63 1258/122/64
f 114/123/59 1259/124/63 1262/125/63
f 118/126/65 1345/127/66 1346/128/67
f 117/129/62 1347/130/66 1350/131/66
f 120/132/65 1355/133/68 1358/134/68
f 122/135/69 1353/136/68 1354/137/70
f 124/138/71 1489/139/72 1490/140/73
f 123/141/69 1491/142/72 1494/143/72
f 127/144/74 1441/145/75 1442/146/76
f 126/147/71 1443/148/75 1446/149/75
f 129/150/74 1411/151/77 1414/152/77
f 131/153/78 1409/154/77 1410/155/79
f 134/156/80 1417/157/81 1418/158/81
f 132/159/78 1419/160/81 1422/161/81
f 136/162/82 1185/163/83 1186/164/84
f 135/165/80 1187/166/83 1190/167/83
f 139/168/85 1193/169/86 1194/170/86
f 138/171/82 1195/172/86 1198/173/86
f 142/174/87 1153/175/88 1154/176/89
f 141/177/85 1155/178/90 1158/179/90
f 27/10/1 491/180/2 495/181/91
f 278/182/4 279/183/1 498/184/2
f 60/34/13 787/185/14 786/186/14
f 316/187/11 290/188/13 789/189/14
f 146/190/92 1161/191/93 1162/192/94
f 144/193/87 1163/194/93 1166/195/93
f 3/196/4 993/197/95 994/198/96
f 147/199/92 995/200/97 998/201/97
f 122/202/98 146/203/98 133/204/98
f 70/205/98 98/206/98 85/207/98
f 308/523/250 324/524/250 323/525/250
f 286/526/250 314/527/250 328/528/250
f 102/99/47 444/529/48 443/530/251
f 297/531/44 334/532/47 446/533/48
f 305/537/250 395/538/250 317/539/250
f 314/527/250 393/546/250 313/547/250
f 123/141/69 895/548/68 899/549/70
f 300/550/65 301/551/69 902/552/68
f 114/123/59 678/553/60 677/554/252
f 299/555/56 335/556/59 680/557/60
f 312/561/250 391/562/250 311/563/250
f 93/81/39 707/567/40 706/568/40
f 333/569/36 323/570/39 709/571/40
f 281/572/250 390/573/250 375/574/250
f 84/63/30 883/575/31 882/576/253
f 322/577/25 294/578/30 885/579/31
f 309/583/250 388/584/250 308/523/250
f 135/165/80 848/585/81 851/586/254
f 302/587/78 303/588/80 854/589/81
f 126/147/71 928/590/72 931/591/73
f 301/551/69 336/592/71 934/593/72
f 38/16/5 539/594/6 543/595/255
f 279/183/1 329/596/5 546/597/6
f 96/87/41 591/601/43 590/602/256
f 323/570/39 296/603/41 593/604/42
f 307/605/250 386/606/250 306/607/250
f 105/105/50 511/611/51 510/612/257
f 334/532/47 324/613/50 513/614/51
f 67/40/16 803/617/17 802/618/258
f 290/188/13 291/619/16 805/620/17
f 292/624/250 383/625/250 289/626/250
f 9/627/4 459/628/259 470/629/260
f 278/630/4 476/631/97 460/632/97
f 339/633/250 400/634/250 405/635/250
f 138/171/82 736/636/83 739/637/83
f 303/588/80 337/638/82 742/639/83
f 108/111/53 527/642/55 526/643/261
f 324/613/50 298/644/53 529/645/55
f 147/199/92 555/646/108 559/647/262
f 328/648/87 304/649/92 562/650/93
f 117/129/62 768/654/63 771/655/63
f 335/556/59 325/656/62 774/657/63
f 45/22/8 620/658/9 623/659/263
f 329/596/5 315/660/8 626/661/9
f 305/537/98 401/662/98 396/663/98
f 120/132/65 815/666/66 819/667/264
f 325/656/62 300/550/65 822/668/66
f 87/69/33 835/671/34 834/672/265
f 294/578/30 295/673/33 837/674/34
f 288/675/250 398/676/250 319/677/250
f 285/678/250 404/679/250 403/680/250
f 74/46/19 915/687/20 914/688/266
f 291/619/16 331/689/19 917/690/20
f 287/691/250 402/692/250 381/693/250
f 129/150/74 944/696/75 947/697/267
f 336/592/71 326/698/74 950/699/75
f 132/159/78 863/703/77 867/704/268
f 326/698/74 302/587/78 870/705/77
f 99/93/44 575/706/45 574/707/46
f 296/603/41 297/531/44 577/708/46
f 90/75/36 755/710/37 754/711/269
f 295/673/33 333/569/36 757/712/37
f 144/193/87 604/716/88 607/717/270
f 327/718/85 328/648/87 610/719/90
f 53/28/11 659/720/12 662/721/271
f 315/660/8 316/187/11 665/722/12
f 141/177/85 720/723/86 723/724/272
f 337/638/82 327/718/85 726/725/86
f 78/726/113 979/727/23 978/728/273
f 331/689/19 332/729/113 981/730/23
f 284/731/250 377/732/250 283/733/250
f 111/117/56 639/734/57 638/735/274
f 298/644/53 299/555/56 641/736/57
f 81/57/25 963/737/29 962/738/275
f 332/729/113 322/577/25 965/739/29
f 379/893/98 285/678/98 403/680/98
f 318/894/250 398/676/250 397/895/250
f 308/523/250 387/896/250 307/605/250
f 320/897/250 385/898/250 293/899/250
f 311/563/250 390/573/250 310/900/250
f 306/607/250 400/634/250 321/901/250
f 277/902/250 372/903/250 276/904/250
f 282/905/250 392/906/250 312/561/250
f 280/907/250 375/574/250 374/908/250
f 338/909/250 393/546/250 404/679/250
f 282/905/250 377/732/250 376/910/250
f 286/526/250 394/911/250 314/527/250
f 285/678/250 378/912/250 284/731/250
f 317/539/250 402/692/250 330/913/250
f 287/691/250 380/914/250 286/526/250
f 320/897/250 405/635/250 399/915/250
f 289/626/250 382/916/250 288/675/250
f 305/537/250 397/895/250 401/662/250
f 309/583/250 372/903/250 389/917/250
f 292/624/250 385/898/250 384/918/250
f 277/902/250 374/908/250 373/919/250
f 1045/2127/91 1044/2128/2 21/1/1
f 21/1/1 3/2129/4 1041/2/2
f 1042/3/3 1045/2127/91 21/1/1
f 1039/2130/2 1041/2/2 3/2129/4
f 27/10/1 21/1/1 1044/2128/2
f 27/10/1 1044/2128/2 1043/5/2
f 1039/2130/2 3/2129/4 9/4/4
f 1040/2131/2 1039/2130/2 9/4/4
f 9/4/4 27/10/1 1043/5/2
f 1046/6/2 1040/2131/2 9/4/4
f 1061/2132/111 1060/2133/406 32/7/5
f 32/7/5 21/1/1 1057/8/6
f 1058/9/7 1061/2132/111 32/7/5
f 1055/2134/6 1057/8/6 21/1/1
f 38/16/5 32/7/5 1060/2133/406
f 38/16/5 1060/2133/406 1059/11/6
f 1055/2134/6 21/1/1 27/10/1
f 1056/2135/6 1055/2134/6 27/10/1
f 27/10/1 38/16/5 1059/11/6
f 1062/12/6 1056/2135/6 27/10/1
f 1069/2136/407 1068/2137/10 41/13/8
f 41/13/8 32/7/5 1065/14/9
f 1066/15/10 1069/2136/407 41/13/8
f 1063/2138/9 1065/14/9 32/7/5
f 45/22/8 41/13/8 1068/2137/10
f 45/22/8 1068/2137/10 1067/17/9
f 1063/2138/9 32/7/5 38/16/5
f 1064/2139/9 1063/2138/9 38/16/5
f 38/16/5 45/22/8 1067/17/9
f 1070/18/9 1064/2139/9 38/16/5
f 1285/2140/408 1284/2141/12 48/19/11
f 48/19/11 41/13/8 1281/20/12
f 1282/21/12 1285/2140/408 48/19/11
f 1279/2142/12 1281/20/12 41/13/8
f 53/28/11 48/19/11 1284/2141/12
f 53/28/11 1284/2141/12 1283/23/12
f 1279/2142/12 41/13/8 45/22/8
f 1280/2143/12 1279/2142/12 45/22/8
f 45/22/8 53/28/11 1283/23/12
f 1286/24/12 1280/2143/12 45/22/8
f 1290/2144/14 1289/2145/14 56/25/13
f 56/25/13 48/19/11 1293/26/14
f 1292/27/15 1290/2144/14 56/25/13
f 1288/2146/14 1293/26/14 48/19/11
f 60/34/13 56/25/13 1289/2145/14
f 60/34/13 1289/2145/14 1291/29/14
f 1288/2146/14 48/19/11 53/28/11
f 1287/2147/14 1288/2146/14 53/28/11
f 53/28/11 60/34/13 1291/29/14
f 1294/30/14 1287/2147/14 53/28/11
f 1314/2148/409 1313/2149/410 63/31/16
f 63/31/16 56/25/13 1317/32/17
f 1316/33/18 1314/2148/409 63/31/16
f 1312/2150/17 1317/32/17 56/25/13
f 67/40/16 63/31/16 1313/2149/410
f 67/40/16 1313/2149/410 1315/35/17
f 1312/2150/17 56/25/13 60/34/13
f 1311/2151/17 1312/2150/17 60/34/13
f 60/34/13 67/40/16 1315/35/17
f 1318/36/17 1311/2151/17 60/34/13
f 1322/2152/266 1321/2153/21 70/37/19
f 70/37/19 63/31/16 1324/38/20
f 1325/39/21 1322/2152/266 70/37/19
f 1320/2154/20 1324/38/20 63/31/16
f 74/46/19 70/37/19 1321/2153/21
f 74/46/19 1321/2153/21 1323/41/20
f 1320/2154/20 63/31/16 67/40/16
f 1319/2155/20 1320/2154/20 67/40/16
f 67/40/16 74/46/19 1323/41/20
f 1326/42/20 1319/2155/20 67/40/16
f 1474/2156/114 1473/2157/23 76/43/22
f 76/43/22 70/37/19 1477/44/23
f 1476/45/24 1474/2156/114 76/43/22
f 1472/2158/23 1477/44/23 70/37/19
f 78/726/113 76/43/22 1473/2157/23
f 78/726/113 1473/2157/23 1475/47/23
f 1472/2158/23 70/37/19 74/46/19
f 1471/2159/23 1472/2158/23 74/46/19
f 74/46/19 78/726/113 1475/47/23
f 1478/48/23 1471/2159/23 74/46/19
f 1457/2160/29 1456/52/28 79/49/25
f 79/49/25 76/43/22 1459/50/26
f 1458/51/27 1457/2160/29 79/49/25
f 1507/2161/411 1508/2162/412 1455/2163/29
f 1455/2163/29 1462/2164/413 1461/2165/29
f 1460/2166/414 1459/50/26 76/43/22
f 1461/2165/29 1460/2166/414 76/43/22
f 1461/2165/29 76/43/22 78/726/113
f 1455/2163/29 1461/2165/29 78/726/113
f 1507/2161/411 1455/2163/29 78/726/113
f 1506/2167/29 1507/2161/411 78/726/113
f 1505/2168/29 1506/2167/29 78/726/113
f 1505/2168/29 78/726/113 81/57/25
f 1503/53/29 1505/2168/29 81/57/25
f 1503/53/29 81/57/25 79/49/25
f 1456/52/28 1504/2169/250 1503/53/29
f 1378/2170/415 1377/2171/31 82/54/30
f 82/54/30 79/49/25 1380/55/31
f 1381/56/32 1378/2170/415 82/54/30
f 1376/2172/31 1380/55/31 79/49/25
f 84/63/30 82/54/30 1377/2171/31
f 84/63/30 1377/2171/31 1379/58/31
f 1376/2172/31 79/49/25 81/57/25
f 1375/2173/31 1376/2172/31 81/57/25
f 81/57/25 84/63/30 1379/58/31
f 1382/59/31 1375/2173/31 81/57/25
f 1386/2174/265 1385/2175/34 86/60/33
f 86/60/33 82/54/30 1389/61/34
f 1388/62/35 1386/2174/265 86/60/33
f 1384/2176/34 1389/61/34 82/54/30
f 87/69/33 86/60/33 1385/2175/34
f 87/69/33 1385/2175/34 1387/64/34
f 1384/2176/34 82/54/30 84/63/30
f 1383/2177/34 1384/2176/34 84/63/30
f 84/63/30 87/69/33 1387/64/34
f 1390/65/34 1383/2177/34 84/63/30
f 1218/2178/37 1217/2179/37 88/66/36
f 88/66/36 86/60/33 1221/67/37
f 1220/68/38 1218/2178/37 88/66/36
f 1216/2180/37 1221/67/37 86/60/33
f 90/75/36 88/66/36 1217/2179/37
f 90/75/36 1217/2179/37 1219/70/37
f 1216/2180/37 86/60/33 87/69/33
f 1215/2181/37 1216/2180/37 87/69/33
f 87/69/33 90/75/36 1219/70/37
f 1222/71/37 1215/2181/37 87/69/33
f 1226/2182/40 1225/2183/416 91/72/39
f 91/72/39 88/66/36 1229/73/40
f 1228/74/40 1226/2182/40 91/72/39
f 1224/2184/40 1229/73/40 88/66/36
f 93/81/39 91/72/39 1225/2183/416
f 93/81/39 1225/2183/416 1227/76/40
f 1224/2184/40 88/66/36 90/75/36
f 1223/2185/40 1224/2184/40 90/75/36
f 90/75/36 93/81/39 1227/76/40
f 1230/77/40 1223/2185/40 90/75/36
f 1122/2186/417 1121/2187/42 94/78/41
f 94/78/41 91/72/39 1125/79/42
f 1124/80/43 1122/2186/417 94/78/41
f 1120/2188/42 1125/79/42 91/72/39
f 96/87/41 94/78/41 1121/2187/42
f 96/87/41 1121/2187/42 1123/82/42
f 1120/2188/42 91/72/39 93/81/39
f 1119/2189/42 1120/2188/42 93/81/39
f 93/81/39 96/87/41 1123/82/42
f 1126/83/42 1119/2189/42 93/81/39
f 1130/2190/286 1129/2191/46 98/84/44
f 98/84/44 94/78/41 1133/85/45
f 1132/86/46 1130/2190/286 98/84/44
f 1128/2192/46 1133/85/45 94/78/41
f 99/93/44 98/84/44 1129/2191/46
f 99/93/44 1129/2191/46 1131/88/46
f 1128/2192/46 94/78/41 96/87/41
f 1127/2193/46 1128/2192/46 96/87/41
f 96/87/41 99/93/44 1131/88/46
f 1134/89/46 1127/2193/46 96/87/41
f 1010/2194/418 1009/2195/49 101/90/47
f 101/90/47 98/84/44 1013/91/48
f 1012/92/49 1010/2194/418 101/90/47
f 1008/2196/48 1013/91/48 98/84/44
f 102/99/47 101/90/47 1009/2195/49
f 102/99/47 1009/2195/49 1011/94/48
f 1008/2196/48 98/84/44 99/93/44
f 1007/2197/48 1008/2196/48 99/93/44
f 99/93/44 102/99/47 1011/94/48
f 1014/95/48 1007/2197/48 99/93/44
f 1026/2198/51 1025/2199/51 104/96/50
f 104/96/50 101/90/47 1029/97/51
f 1028/98/52 1026/2198/51 104/96/50
f 1024/2200/51 1029/97/51 101/90/47
f 105/105/50 104/96/50 1025/2199/51
f 105/105/50 1025/2199/51 1027/100/51
f 1024/2200/51 101/90/47 102/99/47
f 1023/2201/51 1024/2200/51 102/99/47
f 102/99/47 105/105/50 1027/100/51
f 1030/101/51 1023/2201/51 102/99/47
f 1090/2202/55 1089/2203/54 106/102/53
f 106/102/53 104/96/50 1093/103/54
f 1092/104/55 1090/2202/55 106/102/53
f 1088/2204/55 1093/103/54 104/96/50
f 108/111/53 106/102/53 1089/2203/54
f 108/111/53 1089/2203/54 1091/106/55
f 1088/2204/55 104/96/50 105/105/50
f 1087/2205/55 1088/2204/55 105/105/50
f 105/105/50 108/111/53 1091/106/55
f 1094/107/55 1087/2205/55 105/105/50
f 1098/2206/419 1097/2207/420 109/108/56
f 109/108/56 106/102/53 1101/109/57
f 1100/110/58 1098/2206/419 109/108/56
f 1096/2208/57 1101/109/57 106/102/53
f 111/117/56 109/108/56 1097/2207/420
f 111/117/56 1097/2207/420 1099/112/57
f 1096/2208/57 106/102/53 108/111/53
f 1095/2209/57 1096/2208/57 108/111/53
f 108/111/53 111/117/56 1099/112/57
f 1102/113/57 1095/2209/57 108/111/53
f 1250/2210/421 1249/2211/60 112/114/59
f 112/114/59 109/108/56 1253/115/60
f 1252/116/61 1250/2210/421 112/114/59
f 1248/2212/60 1253/115/60 109/108/56
f 114/123/59 112/114/59 1249/2211/60
f 114/123/59 1249/2211/60 1251/118/60
f 1248/2212/60 109/108/56 111/117/56
f 1247/2213/60 1248/2212/60 111/117/56
f 111/117/56 114/123/59 1251/118/60
f 1254/119/60 1247/2213/60 111/117/56
f 1261/2214/63 1260/2215/63 115/120/62
f 115/120/62 112/114/59 1257/121/63
f 1258/122/64 1261/2214/63 115/120/62
f 1255/2216/63 1257/121/63 112/114/59
f 117/129/62 115/120/62 1260/2215/63
f 117/129/62 1260/2215/63 1259/124/63
f 1255/2216/63 112/114/59 114/123/59
f 1256/2217/63 1255/2216/63 114/123/59
f 114/123/59 117/129/62 1259/124/63
f 1262/125/63 1256/2217/63 114/123/59
f 1349/2218/422 1348/2219/66 118/126/65
f 118/126/65 115/120/62 1345/127/66
f 1346/128/67 1349/2218/422 118/126/65
f 1343/2220/66 1345/127/66 115/120/62
f 120/132/65 118/126/65 1348/2219/66
f 120/132/65 1348/2219/66 1347/130/66
f 1343/2220/66 115/120/62 117/129/62
f 1344/2221/66 1343/2220/66 117/129/62
f 117/129/62 120/132/65 1347/130/66
f 1350/131/66 1344/2221/66 117/129/62
f 1351/2222/68 1353/136/68 118/126/65
f 123/141/69 122/135/69 1356/2223/423
f 123/141/69 1356/2223/423 1355/133/68
f 1351/2222/68 118/126/65 120/132/65
f 1352/2224/68 1351/2222/68 120/132/65
f 120/132/65 123/141/69 1355/133/68
f 1358/134/68 1352/2224/68 120/132/65
f 1357/2225/70 1356/2223/423 122/135/69
f 122/135/69 118/126/65 1353/136/68
f 1354/137/70 1357/2225/70 122/135/69
f 1493/2226/72 1492/2227/72 124/138/71
f 124/138/71 122/135/69 1489/139/72
f 1490/140/73 1493/2226/72 124/138/71
f 1487/2228/72 1489/139/72 122/135/69
f 126/147/71 124/138/71 1492/2227/72
f 126/147/71 1492/2227/72 1491/142/72
f 1487/2228/72 122/135/69 123/141/69
f 1488/2229/72 1487/2228/72 123/141/69
f 123/141/69 126/147/71 1491/142/72
f 1494/143/72 1488/2229/72 123/141/69
f 1445/2230/267 1444/2231/75 127/144/74
f 127/144/74 124/138/71 1441/145/75
f 1442/146/76 1445/2230/267 127/144/74
f 1439/2232/75 1441/145/75 124/138/71
f 129/150/74 127/144/74 1444/2231/75
f 129/150/74 1444/2231/75 1443/148/75
f 1439/2232/75 124/138/71 126/147/71
f 1440/2233/75 1439/2232/75 126/147/71
f 126/147/71 129/150/74 1443/148/75
f 1446/149/75 1440/2233/75 126/147/71
f 1407/2234/77 1409/154/77 127/144/74
f 132/159/78 131/153/78 1412/2235/77
f 132/159/78 1412/2235/77 1411/151/77
f 1407/2234/77 127/144/74 129/150/74
f 1408/2236/77 1407/2234/77 129/150/74
f 129/150/74 132/159/78 1411/151/77
f 1414/152/77 1408/2236/77 129/150/74
f 1413/2237/77 1412/2235/77 131/153/78
f 131/153/78 127/144/74 1409/154/77
f 1410/155/79 1413/2237/77 131/153/78
f 1421/2238/104 1420/2239/81 134/156/80
f 134/156/80 131/153/78 1417/157/81
f 1418/158/81 1421/2238/104 134/156/80
f 1415/2240/81 1417/157/81 131/153/78
f 135/165/80 134/156/80 1420/2239/81
f 135/165/80 1420/2239/81 1419/160/81
f 1415/2240/81 131/153/78 132/159/78
f 1416/2241/81 1415/2240/81 132/159/78
f 132/159/78 135/165/80 1419/160/81
f 1422/161/81 1416/2241/81 132/159/78
f 1189/2242/84 1188/2243/424 136/162/82
f 136/162/82 134/156/80 1185/163/83
f 1186/164/84 1189/2242/84 136/162/82
f 1183/2244/83 1185/163/83 134/156/80
f 138/171/82 136/162/82 1188/2243/424
f 138/171/82 1188/2243/424 1187/166/83
f 1183/2244/83 134/156/80 135/165/80
f 1184/2245/83 1183/2244/83 135/165/80
f 135/165/80 138/171/82 1187/166/83
f 1190/167/83 1184/2245/83 135/165/80
f 1197/2246/425 1196/2247/86 139/168/85
f 139/168/85 136/162/82 1193/169/86
f 1194/170/86 1197/2246/425 139/168/85
f 1191/2248/86 1193/169/86 136/162/82
f 141/177/85 139/168/85 1196/2247/86
f 141/177/85 1196/2247/86 1195/172/86
f 1191/2248/86 136/162/82 138/171/82
f 1192/2249/86 1191/2248/86 138/171/82
f 138/171/82 141/177/85 1195/172/86
f 1198/173/86 1192/2249/86 138/171/82
f 1157/2250/426 1156/2251/88 142/174/87
f 142/174/87 139/168/85 1153/175/88
f 1154/176/89 1157/2250/426 142/174/87
f 1151/2252/90 1153/175/88 139/168/85
f 144/193/87 142/174/87 1156/2251/88
f 144/193/87 1156/2251/88 1155/178/90
f 1151/2252/90 139/168/85 141/177/85
f 1152/2253/90 1151/2252/90 141/177/85
f 141/177/85 144/193/87 1155/178/90
f 1158/179/90 1152/2253/90 141/177/85
f 494/2254/110 493/2255/3 27/10/1
f 27/10/1 9/4/4 491/180/2
f 495/181/91 494/2254/110 27/10/1
f 492/2256/2 491/180/2 9/4/4
f 279/183/1 27/10/1 493/2255/3
f 279/183/1 493/2255/3 497/2257/2
f 492/2256/2 9/4/4 278/182/4
f 496/2258/2 492/2256/2 278/182/4
f 279/183/1 497/2257/2 498/184/2
f 498/184/2 496/2258/2 278/182/4
f 784/2259/427 783/2260/14 60/34/13
f 60/34/13 53/28/11 787/185/14
f 786/186/14 784/2259/427 60/34/13
f 785/2261/14 787/185/14 53/28/11
f 290/188/13 60/34/13 783/2260/14
f 290/188/13 783/2260/14 788/2262/14
f 785/2261/14 53/28/11 316/187/11
f 790/2263/14 785/2261/14 316/187/11
f 290/188/13 788/2262/14 789/189/14
f 789/189/14 790/2263/14 316/187/11
f 1165/2264/93 1164/2265/108 146/190/92
f 146/190/92 142/174/87 1161/191/93
f 1162/192/94 1165/2264/93 146/190/92
f 1159/2266/93 1161/191/93 142/174/87
f 147/199/92 146/190/92 1164/2265/108
f 147/199/92 1164/2265/108 1163/194/93
f 1159/2266/93 142/174/87 144/193/87
f 1160/2267/93 1159/2266/93 144/193/87
f 144/193/87 147/199/92 1163/194/93
f 1166/195/93 1160/2267/93 144/193/87
f 997/2268/97 996/2269/95 3/196/4
f 3/196/4 146/190/92 993/197/95
f 994/198/96 997/2268/97 3/196/4
f 991/2270/97 993/197/95 146/190/92
f 9/627/4 3/196/4 996/2269/95
f 9/627/4 996/2269/95 995/200/97
f 991/2270/97 146/190/92 147/199/92
f 992/2271/97 991/2270/97 147/199/92
f 147/199/92 9/627/4 995/200/97
f 998/201/97 992/2271/97 147/199/92
f 125/2272/98 121/2273/98 122/202/98
f 122/202/98 124/2274/98 127/2275/98
f 127/2275/98 131/2276/98 134/2277/98
f 134/2277/98 136/2278/98 139/2279/98
f 139/2279/98 142/2280/98 146/203/98
f 146/203/98 145/2281/98 143/2282/98
f 146/203/98 143/2282/98 140/2283/98
f 134/2277/98 139/2279/98 146/203/98
f 122/202/98 127/2275/98 134/2277/98
f 128/2284/98 125/2272/98 122/202/98
f 130/2285/98 128/2284/98 122/202/98
f 122/202/98 134/2277/98 146/203/98
f 146/203/98 140/2283/98 137/2286/98
f 133/204/98 130/2285/98 122/202/98
f 146/203/98 137/2286/98 133/204/98
f 6/2287/98 145/2281/98 146/203/98
f 146/203/98 3/2288/98 21/2289/98
f 21/2289/98 32/2290/98 41/2291/98
f 41/2291/98 48/2292/98 56/2293/98
f 56/2293/98 63/2294/98 70/205/98
f 70/205/98 76/2295/98 79/2296/98
f 79/2296/98 82/2297/98 86/2298/98
f 86/2298/98 88/2299/98 91/2300/98
f 91/2300/98 94/2301/98 98/206/98
f 98/206/98 101/2302/98 104/2303/98
f 104/2303/98 106/2304/98 109/2305/98
f 109/2305/98 112/2306/98 115/2307/98
f 115/2307/98 118/2308/98 122/202/98
f 122/202/98 121/2273/98 119/2309/98
f 122/202/98 119/2309/98 116/2310/98
f 109/2305/98 115/2307/98 122/202/98
f 98/206/98 104/2303/98 109/2305/98
f 86/2298/98 91/2300/98 98/206/98
f 70/205/98 79/2296/98 86/2298/98
f 41/2291/98 56/2293/98 70/205/98
f 146/203/98 21/2289/98 41/2291/98
f 24/2311/98 6/2287/98 146/203/98
f 36/2312/98 24/2311/98 146/203/98
f 146/203/98 41/2291/98 70/205/98
f 70/205/98 86/2298/98 98/206/98
f 98/206/98 109/2305/98 122/202/98
f 122/202/98 116/2310/98 113/2313/98
f 122/202/98 113/2313/98 110/2314/98
f 43/2315/98 36/2312/98 146/203/98
f 43/2315/98 146/203/98 70/205/98
f 98/206/98 122/202/98 110/2314/98
f 98/206/98 110/2314/98 107/2316/98
f 50/2317/98 43/2315/98 70/205/98
f 58/2318/98 50/2317/98 70/205/98
f 98/206/98 107/2316/98 103/2319/98
f 98/206/98 103/2319/98 100/2320/98
f 65/2321/98 58/2318/98 70/205/98
f 72/2322/98 65/2321/98 70/205/98
f 98/206/98 100/2320/98 97/2323/98
f 98/206/98 97/2323/98 95/2324/98
f 77/2325/98 72/2322/98 70/205/98
f 80/2326/98 77/2325/98 70/205/98
f 98/206/98 95/2324/98 92/2327/98
f 98/206/98 92/2327/98 89/2328/98
f 83/2329/98 80/2326/98 70/205/98
f 98/206/98 89/2328/98 85/207/98
f 85/207/98 83/2329/98 70/205/98
f 316/2497/250 315/2498/250 329/2499/250
f 329/2499/250 285/678/250 284/731/250
f 329/2499/250 284/731/250 283/733/250
f 290/2500/250 316/2497/250 329/2499/250
f 331/2501/250 291/2502/250 290/2500/250
f 322/2503/250 332/2504/250 331/2501/250
f 295/2505/250 294/2506/250 322/2503/250
f 323/525/250 333/2507/250 295/2505/250
f 297/2508/250 296/2509/250 323/525/250
f 324/524/250 334/2510/250 297/2508/250
f 299/2511/250 298/2512/250 324/524/250
f 325/2513/250 335/2514/250 299/2511/250
f 301/2515/250 300/2516/250 325/2513/250
f 326/2517/250 336/2518/250 301/2515/250
f 305/537/250 302/2519/250 326/2517/250
f 318/894/250 305/537/250 326/2517/250
f 326/2517/250 301/2515/250 325/2513/250
f 325/2513/250 299/2511/250 324/524/250
f 324/524/250 297/2508/250 323/525/250
f 323/525/250 295/2505/250 322/2503/250
f 322/2503/250 331/2501/250 290/2500/250
f 290/2500/250 329/2499/250 283/733/250
f 290/2500/250 283/733/250 282/905/250
f 319/677/250 318/894/250 326/2517/250
f 288/675/250 319/677/250 326/2517/250
f 290/2500/250 282/905/250 312/561/250
f 290/2500/250 312/561/250 311/563/250
f 288/675/250 326/2517/250 325/2513/250
f 289/626/250 288/675/250 325/2513/250
f 322/2503/250 290/2500/250 311/563/250
f 322/2503/250 311/563/250 310/900/250
f 292/624/250 289/626/250 325/2513/250
f 293/899/250 292/624/250 325/2513/250
f 322/2503/250 310/900/250 281/572/250
f 322/2503/250 281/572/250 280/907/250
f 293/899/250 325/2513/250 324/524/250
f 320/897/250 293/899/250 324/524/250
f 323/525/250 322/2503/250 280/907/250
f 323/525/250 280/907/250 277/902/250
f 339/633/250 320/897/250 324/524/250
f 321/901/250 339/633/250 324/524/250
f 323/525/250 277/902/250 276/904/250
f 323/525/250 276/904/250 309/583/250
f 306/607/250 321/901/250 324/524/250
f 307/605/250 306/607/250 324/524/250
f 323/525/250 309/583/250 308/523/250
f 308/523/250 307/605/250 324/524/250
f 328/528/250 327/2520/250 337/2521/250
f 337/2521/250 303/2522/250 302/2519/250
f 302/2519/250 305/537/250 317/539/250
f 302/2519/250 317/539/250 330/913/250
f 328/528/250 337/2521/250 302/2519/250
f 278/2523/250 304/2524/250 328/528/250
f 329/2499/250 279/2525/250 278/2523/250
f 338/909/250 285/678/250 329/2499/250
f 313/547/250 338/909/250 329/2499/250
f 329/2499/250 278/2523/250 328/528/250
f 328/528/250 302/2519/250 330/913/250
f 328/528/250 330/913/250 287/691/250
f 313/547/250 329/2499/250 328/528/250
f 314/527/250 313/547/250 328/528/250
f 328/528/250 287/691/250 286/526/250
f 441/2526/442 440/2527/48 102/99/47
f 102/99/47 99/93/44 444/529/48
f 443/530/251 441/2526/442 102/99/47
f 442/2528/48 444/529/48 99/93/44
f 334/532/47 102/99/47 440/2527/48
f 334/532/47 440/2527/48 445/2529/48
f 442/2528/48 99/93/44 297/531/44
f 447/2530/48 442/2528/48 297/531/44
f 334/532/47 445/2529/48 446/533/48
f 446/533/48 447/2530/48 297/531/44
f 305/537/250 396/663/250 395/538/250
f 314/527/250 394/911/250 393/546/250
f 898/2531/68 897/2532/68 123/141/69
f 123/141/69 120/132/65 895/548/68
f 899/549/70 898/2531/68 123/141/69
f 896/2533/68 895/548/68 120/132/65
f 301/551/69 123/141/69 897/2532/68
f 301/551/69 897/2532/68 901/2534/68
f 896/2533/68 120/132/65 300/550/65
f 900/2535/68 896/2533/68 300/550/65
f 301/551/69 901/2534/68 902/552/68
f 902/552/68 900/2535/68 300/550/65
f 675/2536/421 674/2537/60 114/123/59
f 114/123/59 111/117/56 678/553/60
f 677/554/252 675/2536/421 114/123/59
f 676/2538/60 678/553/60 111/117/56
f 335/556/59 114/123/59 674/2537/60
f 335/556/59 674/2537/60 679/2539/60
f 676/2538/60 111/117/56 299/555/56
f 681/2540/60 676/2538/60 299/555/56
f 335/556/59 679/2539/60 680/557/60
f 680/557/60 681/2540/60 299/555/56
f 312/561/250 392/906/250 391/562/250
f 704/2541/438 703/2542/416 93/81/39
f 93/81/39 90/75/36 707/567/40
f 706/568/40 704/2541/438 93/81/39
f 705/2543/40 707/567/40 90/75/36
f 323/570/39 93/81/39 703/2542/416
f 323/570/39 703/2542/416 708/2544/40
f 705/2543/40 90/75/36 333/569/36
f 710/2545/40 705/2543/40 333/569/36
f 323/570/39 708/2544/40 709/571/40
f 709/571/40 710/2545/40 333/569/36
f 281/572/250 310/900/250 390/573/250
f 880/2546/253 879/2547/31 84/63/30
f 84/63/30 81/57/25 883/575/31
f 882/576/253 880/2546/253 84/63/30
f 881/2548/31 883/575/31 81/57/25
f 294/578/30 84/63/30 879/2547/31
f 294/578/30 879/2547/31 884/2549/31
f 881/2548/31 81/57/25 322/577/25
f 886/2550/31 881/2548/31 322/577/25
f 294/578/30 884/2549/31 885/579/31
f 885/579/31 886/2550/31 322/577/25
f 309/583/250 389/917/250 388/584/250
f 850/2551/254 849/2552/443 135/165/80
f 135/165/80 132/159/78 848/585/81
f 851/586/254 850/2551/254 135/165/80
f 847/2553/81 848/585/81 132/159/78
f 303/588/80 135/165/80 849/2552/443
f 303/588/80 849/2552/443 853/2554/81
f 847/2553/81 132/159/78 302/587/78
f 852/2555/81 847/2553/81 302/587/78
f 303/588/80 853/2554/81 854/589/81
f 854/589/81 852/2555/81 302/587/78
f 930/2556/291 929/2557/72 126/147/71
f 126/147/71 123/141/69 928/590/72
f 931/591/73 930/2556/291 126/147/71
f 927/2558/72 928/590/72 123/141/69
f 336/592/71 126/147/71 929/2557/72
f 336/592/71 929/2557/72 933/2559/72
f 927/2558/72 123/141/69 301/551/69
f 932/2560/72 927/2558/72 301/551/69
f 336/592/71 933/2559/72 934/593/72
f 934/593/72 932/2560/72 301/551/69
f 542/2561/111 541/2562/406 38/16/5
f 38/16/5 27/10/1 539/594/6
f 543/595/255 542/2561/111 38/16/5
f 540/2563/6 539/594/6 27/10/1
f 329/596/5 38/16/5 541/2562/406
f 329/596/5 541/2562/406 545/2564/6
f 540/2563/6 27/10/1 279/183/1
f 544/2565/6 540/2563/6 279/183/1
f 329/596/5 545/2564/6 546/597/6
f 546/597/6 544/2565/6 279/183/1
f 588/2566/417 587/2567/43 96/87/41
f 96/87/41 93/81/39 591/601/43
f 590/602/256 588/2566/417 96/87/41
f 589/2568/42 591/601/43 93/81/39
f 296/603/41 96/87/41 587/2567/43
f 296/603/41 587/2567/43 592/2569/42
f 589/2568/42 93/81/39 323/570/39
f 594/2570/42 589/2568/42 323/570/39
f 296/603/41 592/2569/42 593/604/42
f 593/604/42 594/2570/42 323/570/39
f 307/605/250 387/896/250 386/606/250
f 508/2571/288 507/2572/444 105/105/50
f 105/105/50 102/99/47 511/611/51
f 510/612/257 508/2571/288 105/105/50
f 509/2573/51 511/611/51 102/99/47
f 324/613/50 105/105/50 507/2572/444
f 324/613/50 507/2572/444 512/2574/51
f 509/2573/51 102/99/47 334/532/47
f 514/2575/51 509/2573/51 334/532/47
f 324/613/50 512/2574/51 513/614/51
f 513/614/51 514/2575/51 334/532/47
f 800/2576/17 799/2577/410 67/40/16
f 67/40/16 60/34/13 803/617/17
f 802/618/258 800/2576/17 67/40/16
f 801/2578/17 803/617/17 60/34/13
f 291/619/16 67/40/16 799/2577/410
f 291/619/16 799/2577/410 804/2579/17
f 801/2578/17 60/34/13 290/188/13
f 806/2580/17 801/2578/17 290/188/13
f 291/619/16 804/2579/17 805/620/17
f 805/620/17 806/2580/17 290/188/13
f 292/624/250 384/918/250 383/625/250
f 469/2581/97 457/2582/445 9/627/4
f 9/627/4 147/199/92 456/2583/97
f 9/627/4 456/2583/97 468/2584/446
f 458/2585/447 469/2581/97 9/627/4
f 470/629/260 458/2585/447 9/627/4
f 9/627/4 468/2584/446 459/628/259
f 456/2583/97 147/199/92 304/649/92
f 9/627/4 457/2582/445 471/2586/448
f 472/2587/97 475/2588/449 461/2589/97
f 9/627/4 471/2586/448 472/2587/97
f 473/2590/97 456/2583/97 304/649/92
f 460/632/97 474/2591/450 473/2590/97
f 460/632/97 473/2590/97 304/649/92
f 278/630/4 9/627/4 472/2587/97
f 278/630/4 472/2587/97 461/2589/97
f 460/632/97 304/649/92 278/630/4
f 278/630/4 461/2589/97 476/631/97
f 339/633/250 321/901/250 400/634/250
f 738/2592/424 737/2593/83 138/171/82
f 138/171/82 135/165/80 736/636/83
f 739/637/83 738/2592/424 138/171/82
f 735/2594/83 736/636/83 135/165/80
f 337/638/82 138/171/82 737/2593/83
f 337/638/82 737/2593/83 741/2595/83
f 735/2594/83 135/165/80 303/588/80
f 740/2596/83 735/2594/83 303/588/80
f 337/638/82 741/2595/83 742/639/83
f 742/639/83 740/2596/83 303/588/80
f 524/2597/55 523/2598/280 108/111/53
f 108/111/53 105/105/50 527/642/55
f 526/643/261 524/2597/55 108/111/53
f 525/2599/55 527/642/55 105/105/50
f 298/644/53 108/111/53 523/2598/280
f 298/644/53 523/2598/280 528/2600/55
f 525/2599/55 105/105/50 324/613/50
f 530/2601/55 525/2599/55 324/613/50
f 298/644/53 528/2600/55 529/645/55
f 529/645/55 530/2601/55 324/613/50
f 558/2602/94 557/2603/294 147/199/92
f 147/199/92 144/193/87 555/646/108
f 559/647/262 558/2602/94 147/199/92
f 556/2604/93 555/646/108 144/193/87
f 304/649/92 147/199/92 557/2603/294
f 304/649/92 557/2603/294 561/2605/93
f 556/2604/93 144/193/87 328/648/87
f 560/2606/93 556/2604/93 328/648/87
f 304/649/92 561/2605/93 562/650/93
f 562/650/93 560/2606/93 328/648/87
f 770/2607/63 769/2608/63 117/129/62
f 117/129/62 114/123/59 768/654/63
f 771/655/63 770/2607/63 117/129/62
f 767/2609/63 768/654/63 114/123/59
f 325/656/62 117/129/62 769/2608/63
f 325/656/62 769/2608/63 773/2610/63
f 767/2609/63 114/123/59 335/556/59
f 772/2611/63 767/2609/63 335/556/59
f 325/656/62 773/2610/63 774/657/63
f 774/657/63 772/2611/63 335/556/59
f 622/2612/451 621/2613/10 45/22/8
f 45/22/8 38/16/5 620/658/9
f 623/659/263 622/2612/451 45/22/8
f 619/2614/9 620/658/9 38/16/5
f 315/660/8 45/22/8 621/2613/10
f 315/660/8 621/2613/10 625/2615/9
f 619/2614/9 38/16/5 329/596/5
f 624/2616/9 619/2614/9 329/596/5
f 315/660/8 625/2615/9 626/661/9
f 626/661/9 624/2616/9 329/596/5
f 818/2617/430 817/2618/66 120/132/65
f 120/132/65 117/129/62 815/666/66
f 819/667/264 818/2617/430 120/132/65
f 816/2619/66 815/666/66 117/129/62
f 300/550/65 120/132/65 817/2618/66
f 300/550/65 817/2618/66 821/2620/66
f 816/2619/66 117/129/62 325/656/62
f 820/2621/66 816/2619/66 325/656/62
f 300/550/65 821/2620/66 822/668/66
f 822/668/66 820/2621/66 325/656/62
f 832/2622/452 831/2623/35 87/69/33
f 87/69/33 84/63/30 835/671/34
f 834/672/265 832/2622/452 87/69/33
f 833/2624/34 835/671/34 84/63/30
f 295/673/33 87/69/33 831/2623/35
f 295/673/33 831/2623/35 836/2625/34
f 833/2624/34 84/63/30 294/578/30
f 838/2626/34 833/2624/34 294/578/30
f 295/673/33 836/2625/34 837/674/34
f 837/674/34 838/2626/34 294/578/30
f 288/675/250 382/916/250 398/676/250
f 285/678/250 338/909/250 404/679/250
f 912/2627/20 911/2628/20 74/46/19
f 74/46/19 67/40/16 915/687/20
f 914/688/266 912/2627/20 74/46/19
f 913/2629/20 915/687/20 67/40/16
f 331/689/19 74/46/19 911/2628/20
f 331/689/19 911/2628/20 916/2630/20
f 913/2629/20 67/40/16 291/619/16
f 918/2631/20 913/2629/20 291/619/16
f 331/689/19 916/2630/20 917/690/20
f 917/690/20 918/2631/20 291/619/16
f 287/691/250 330/913/250 402/692/250
f 946/2632/76 945/2633/75 129/150/74
f 129/150/74 126/147/71 944/696/75
f 947/697/267 946/2632/76 129/150/74
f 943/2634/75 944/696/75 126/147/71
f 326/698/74 129/150/74 945/2633/75
f 326/698/74 945/2633/75 949/2635/75
f 943/2634/75 126/147/71 336/592/71
f 948/2636/75 943/2634/75 336/592/71
f 326/698/74 949/2635/75 950/699/75
f 950/699/75 948/2636/75 336/592/71
f 866/2637/77 865/2638/268 132/159/78
f 132/159/78 129/150/74 863/703/77
f 867/704/268 866/2637/77 132/159/78
f 864/2639/77 863/703/77 129/150/74
f 302/587/78 132/159/78 865/2638/268
f 302/587/78 865/2638/268 869/2640/77
f 864/2639/77 129/150/74 326/698/74
f 868/2641/77 864/2639/77 326/698/74
f 302/587/78 869/2640/77 870/705/77
f 870/705/77 868/2641/77 326/698/74
f 572/2642/453 571/2643/454 99/93/44
f 99/93/44 96/87/41 575/706/45
f 574/707/46 572/2642/453 99/93/44
f 573/2644/46 575/706/45 96/87/41
f 297/531/44 99/93/44 571/2643/454
f 297/531/44 571/2643/454 576/2645/46
f 573/2644/46 96/87/41 296/603/41
f 578/2646/46 573/2644/46 296/603/41
f 297/531/44 576/2645/46 577/708/46
f 577/708/46 578/2646/46 296/603/41
f 752/2647/455 751/2648/37 90/75/36
f 90/75/36 87/69/33 755/710/37
f 754/711/269 752/2647/455 90/75/36
f 753/2649/37 755/710/37 87/69/33
f 333/569/36 90/75/36 751/2648/37
f 333/569/36 751/2648/37 756/2650/37
f 753/2649/37 87/69/33 295/673/33
f 758/2651/37 753/2649/37 295/673/33
f 333/569/36 756/2650/37 757/712/37
f 757/712/37 758/2651/37 295/673/33
f 606/2652/456 605/2653/107 144/193/87
f 144/193/87 141/177/85 604/716/88
f 607/717/270 606/2652/456 144/193/87
f 603/2654/90 604/716/88 141/177/85
f 328/648/87 144/193/87 605/2653/107
f 328/648/87 605/2653/107 609/2655/90
f 603/2654/90 141/177/85 327/718/85
f 608/2656/90 603/2654/90 327/718/85
f 328/648/87 609/2655/90 610/719/90
f 610/719/90 608/2656/90 327/718/85
f 661/2657/435 660/2658/12 53/28/11
f 53/28/11 45/22/8 659/720/12
f 662/721/271 661/2657/435 53/28/11
f 658/2659/12 659/720/12 45/22/8
f 316/187/11 53/28/11 660/2658/12
f 316/187/11 660/2658/12 664/2660/12
f 658/2659/12 45/22/8 315/660/8
f 663/2661/12 658/2659/12 315/660/8
f 316/187/11 664/2660/12 665/722/12
f 665/722/12 663/2661/12 315/660/8
f 722/2662/289 721/2663/86 141/177/85
f 141/177/85 138/171/82 720/723/86
f 723/724/272 722/2662/289 141/177/85
f 719/2664/86 720/723/86 138/171/82
f 327/718/85 141/177/85 721/2663/86
f 327/718/85 721/2663/86 725/2665/86
f 719/2664/86 138/171/82 337/638/82
f 724/2666/86 719/2664/86 337/638/82
f 327/718/85 725/2665/86 726/725/86
f 726/725/86 724/2666/86 337/638/82
f 976/2667/114 975/2668/273 78/726/113
f 78/726/113 74/46/19 979/727/23
f 978/728/273 976/2667/114 78/726/113
f 977/2669/23 979/727/23 74/46/19
f 332/729/113 78/726/113 975/2668/273
f 332/729/113 975/2668/273 980/2670/23
f 977/2669/23 74/46/19 331/689/19
f 982/2671/23 977/2669/23 331/689/19
f 332/729/113 980/2670/23 981/730/23
f 981/730/23 982/2671/23 331/689/19
f 284/731/250 378/912/250 377/732/250
f 636/2672/274 635/2673/457 111/117/56
f 111/117/56 108/111/53 639/734/57
f 638/735/274 636/2672/274 111/117/56
f 637/2674/57 639/734/57 108/111/53
f 299/555/56 111/117/56 635/2673/457
f 299/555/56 635/2673/457 640/2675/57
f 637/2674/57 108/111/53 298/644/53
f 642/2676/57 637/2674/57 298/644/53
f 299/555/56 640/2675/57 641/736/57
f 641/736/57 642/2676/57 298/644/53
f 960/2677/115 959/2678/29 81/57/25
f 81/57/25 78/726/113 963/737/29
f 962/738/275 960/2677/115 81/57/25
f 961/2679/29 963/737/29 78/726/113
f 322/577/25 81/57/25 959/2678/29
f 322/577/25 959/2678/29 964/2680/29
f 961/2679/29 78/726/113 332/729/113
f 966/2681/29 961/2679/29 332/729/113
f 322/577/25 964/2680/29 965/739/29
f 965/739/29 966/2681/29 332/729/113
f 318/894/250 319/677/250 398/676/250
f 308/523/250 388/584/250 387/896/250
f 320/897/250 399/915/250 385/898/250
f 311/563/250 391/562/250 390/573/250
f 306/607/250 386/606/250 400/634/250
f 277/902/250 373/919/250 372/903/250
f 282/905/250 376/910/250 392/906/250
f 280/907/250 281/572/250 375/574/250
f 338/909/250 313/547/250 393/546/250
f 282/905/250 283/733/250 377/732/250
f 286/526/250 380/914/250 394/911/250
f 285/678/250 379/893/250 378/912/250
f 317/539/250 395/538/250 402/692/250
f 287/691/250 381/693/250 380/914/250
f 320/897/250 339/633/250 405/635/250
f 289/626/250 383/625/250 382/916/250
f 305/537/250 318/894/250 397/895/250
f 309/583/250 276/904/250 372/903/250
f 292/624/250 293/899/250 385/898/250
f 277/902/250 280/907/250 374/908/250
usemtl 
f 149/208/50 148/209/47 1052/210/51
f 6/211/47 1049/212/51 1050/213/99
f 150/214/53 149/208/50 1076/215/55
f 24/216/50 1073/217/54 1074/218/100
f 151/219/56 150/214/53 1084/220/57
f 36/221/53 1081/222/57 1082/223/58
f 152/224/59 151/219/56 1300/225/60
f 43/226/56 1297/227/60 1299/228/101
f 50/229/59 1304/230/63 1307/231/102
f 153/232/62 152/224/59 1308/233/63
f 154/234/65 153/232/62 1332/235/66
f 58/236/62 1328/237/66 1331/238/67
f 155/239/69 154/234/65 1340/240/68
f 65/241/65 1336/242/68 1339/243/68
f 156/244/71 155/239/69 1486/245/72
f 72/246/69 1480/247/72 1483/248/103
f 157/249/74 156/244/71 1514/250/75
f 77/251/71 1510/252/75 1513/253/76
f 158/254/78 157/249/74 1396/255/77
f 80/256/74 1392/257/77 1395/258/79
f 159/259/80 158/254/78 1404/260/81
f 83/261/78 1400/262/81 1403/263/104
f 85/264/80 1232/265/83 1235/266/105
f 160/267/82 159/259/80 1238/268/83
f 161/269/85 160/267/82 1244/270/86
f 89/271/82 1240/272/86 1243/273/106
f 162/274/87 161/269/85 1140/275/90
f 92/276/85 1136/277/90 1139/278/107
f 163/279/92 162/274/87 1148/280/93
f 95/281/87 1144/282/93 1147/283/108
f 164/284/4 163/279/92 1022/285/97
f 97/286/92 1016/287/97 1019/288/109
f 165/289/1 164/284/4 1038/290/2
f 100/291/4 1032/292/3 1035/293/110
f 166/294/5 165/289/1 1108/295/6
f 103/296/1 1104/297/6 1107/298/111
f 167/299/8 166/294/5 1116/300/9
f 107/301/5 1112/302/9 1115/303/10
f 110/304/8 1264/305/12 1267/306/112
f 168/307/11 167/299/8 1270/308/12
f 169/309/13 168/307/11 1276/310/14
f 113/311/11 1273/312/14 1274/313/14
f 170/314/16 169/309/13 1364/315/17
f 116/316/13 1361/317/17 1362/318/17
f 171/319/19 170/314/16 1372/320/20
f 119/321/16 1369/322/20 1370/323/20
f 172/324/113 171/319/19 1500/325/23
f 121/326/19 1497/327/23 1498/328/114
f 173/329/25 172/324/113 1452/330/29
f 125/331/113 1449/332/29 1450/333/115
f 174/334/30 173/329/25 1428/335/31
f 128/336/25 1425/337/31 1426/338/116
f 175/339/33 174/334/30 1436/340/34
f 130/341/30 1433/342/34 1434/343/34
f 176/344/36 175/339/33 1204/345/37
f 133/346/33 1201/347/37 1202/348/117
f 177/349/39 176/344/36 1212/350/40
f 137/351/36 1209/352/40 1210/353/118
f 178/354/41 177/349/39 1172/355/42
f 140/356/39 1169/357/42 1170/358/43
f 179/359/44 178/354/41 1180/360/46
f 143/361/41 1177/362/46 1178/363/45
f 148/364/47 179/359/44 1004/365/48
f 145/366/44 1001/367/48 1002/368/49
f 1053/2330/51 1049/212/51 24/216/50
f 148/209/47 6/211/47 1047/2331/51
f 148/209/47 1047/2331/51 1048/2332/51
f 1053/2330/51 24/216/50 149/208/50
f 1054/2333/51 1053/2330/51 149/208/50
f 148/209/47 1048/2332/51 1052/210/51
f 1052/210/51 1054/2333/51 149/208/50
f 1051/2334/51 1047/2331/51 6/211/47
f 6/211/47 24/216/50 1049/212/51
f 1050/213/99 1051/2334/51 6/211/47
f 1077/2335/55 1073/217/54 36/221/53
f 149/208/50 24/216/50 1071/2336/280
f 149/208/50 1071/2336/280 1072/2337/55
f 1077/2335/55 36/221/53 150/214/53
f 1078/2338/55 1077/2335/55 150/214/53
f 149/208/50 1072/2337/55 1076/215/55
f 1076/215/55 1078/2338/55 150/214/53
f 1075/2339/55 1071/2336/280 24/216/50
f 24/216/50 36/221/53 1073/217/54
f 1074/218/100 1075/2339/55 24/216/50
f 1085/2340/57 1081/222/57 43/226/56
f 150/214/53 36/221/53 1079/2341/57
f 150/214/53 1079/2341/57 1080/2342/57
f 1085/2340/57 43/226/56 151/219/56
f 1086/2343/57 1085/2340/57 151/219/56
f 150/214/53 1080/2342/57 1084/220/57
f 1084/220/57 1086/2343/57 151/219/56
f 1083/2344/428 1079/2341/57 36/221/53
f 36/221/53 43/226/56 1081/222/57
f 1082/223/58 1083/2344/428 36/221/53
f 1301/2345/60 1297/227/60 50/229/59
f 151/219/56 43/226/56 1295/2346/60
f 151/219/56 1295/2346/60 1296/2347/60
f 1301/2345/60 50/229/59 152/224/59
f 1302/2348/60 1301/2345/60 152/224/59
f 151/219/56 1296/2347/60 1300/225/60
f 1300/225/60 1302/2348/60 152/224/59
f 1298/2349/429 1295/2346/60 43/226/56
f 43/226/56 50/229/59 1297/227/60
f 1299/228/101 1298/2349/429 43/226/56
f 1306/2350/102 1305/2351/64 50/229/59
f 50/229/59 58/236/62 1304/230/63
f 1307/231/102 1306/2350/102 50/229/59
f 1303/2352/63 1304/230/63 58/236/62
f 152/224/59 50/229/59 1305/2351/64
f 152/224/59 1305/2351/64 1310/2353/63
f 1303/2352/63 58/236/62 153/232/62
f 1309/2354/63 1303/2352/63 153/232/62
f 152/224/59 1310/2353/63 1308/233/63
f 1308/233/63 1309/2354/63 153/232/62
f 1327/2355/66 1328/237/66 65/241/65
f 153/232/62 58/236/62 1329/2356/66
f 153/232/62 1329/2356/66 1334/2357/66
f 1327/2355/66 65/241/65 154/234/65
f 1333/2358/66 1327/2355/66 154/234/65
f 153/232/62 1334/2357/66 1332/235/66
f 1332/235/66 1333/2358/66 154/234/65
f 1330/2359/430 1329/2356/66 58/236/62
f 58/236/62 65/241/65 1328/237/66
f 1331/238/67 1330/2359/430 58/236/62
f 1335/2360/68 1336/242/68 72/246/69
f 154/234/65 65/241/65 1337/2361/68
f 154/234/65 1337/2361/68 1342/2362/68
f 1335/2360/68 72/246/69 155/239/69
f 1341/2363/68 1335/2360/68 155/239/69
f 154/234/65 1342/2362/68 1340/240/68
f 1340/240/68 1341/2363/68 155/239/69
f 1338/2364/70 1337/2361/68 65/241/65
f 65/241/65 72/246/69 1336/242/68
f 1339/243/68 1338/2364/70 65/241/65
f 1479/2365/72 1480/247/72 77/251/71
f 155/239/69 72/246/69 1481/2366/72
f 155/239/69 1481/2366/72 1485/2367/72
f 1479/2365/72 77/251/71 156/244/71
f 1484/2368/72 1479/2365/72 156/244/71
f 155/239/69 1485/2367/72 1486/245/72
f 1486/245/72 1484/2368/72 156/244/71
f 1482/2369/72 1481/2366/72 72/246/69
f 72/246/69 77/251/71 1480/247/72
f 1483/248/103 1482/2369/72 72/246/69
f 1510/252/75 80/256/74 157/249/74
f 156/244/71 77/251/71 1511/2370/75
f 156/244/71 1511/2370/75 1516/2371/75
f 1509/2372/75 1510/252/75 157/249/74
f 1515/2373/75 1509/2372/75 157/249/74
f 156/244/71 1516/2371/75 1514/250/75
f 1514/250/75 1515/2373/75 157/249/74
f 1512/2374/75 1511/2370/75 77/251/71
f 77/251/71 80/256/74 1510/252/75
f 1513/253/76 1512/2374/75 77/251/71
f 1391/2375/77 1392/257/77 83/261/78
f 157/249/74 80/256/74 1393/2376/77
f 157/249/74 1393/2376/77 1398/2377/77
f 1391/2375/77 83/261/78 158/254/78
f 1397/2378/77 1391/2375/77 158/254/78
f 157/249/74 1398/2377/77 1396/255/77
f 1396/255/77 1397/2378/77 158/254/78
f 1394/2379/431 1393/2376/77 80/256/74
f 80/256/74 83/261/78 1392/257/77
f 1395/258/79 1394/2379/431 80/256/74
f 1399/2380/81 1400/262/81 85/264/80
f 158/254/78 83/261/78 1401/2381/81
f 158/254/78 1401/2381/81 1406/2382/81
f 1399/2380/81 85/264/80 159/259/80
f 1405/2383/81 1399/2380/81 159/259/80
f 158/254/78 1406/2382/81 1404/260/81
f 1404/260/81 1405/2383/81 159/259/80
f 1402/2384/81 1401/2381/81 83/261/78
f 83/261/78 85/264/80 1400/262/81
f 1403/263/104 1402/2384/81 83/261/78
f 1234/2385/424 1233/2386/83 85/264/80
f 85/264/80 89/271/82 1232/265/83
f 1235/266/105 1234/2385/424 85/264/80
f 1231/2387/83 1232/265/83 89/271/82
f 159/259/80 85/264/80 1233/2386/83
f 159/259/80 1233/2386/83 1237/2388/83
f 1231/2387/83 89/271/82 160/267/82
f 1236/2389/83 1231/2387/83 160/267/82
f 159/259/80 1237/2388/83 1238/268/83
f 1238/268/83 1236/2389/83 160/267/82
f 1239/2390/86 1240/272/86 92/276/85
f 160/267/82 89/271/82 1241/2391/289
f 160/267/82 1241/2391/289 1246/2392/86
f 1239/2390/86 92/276/85 161/269/85
f 1245/2393/86 1239/2390/86 161/269/85
f 160/267/82 1246/2392/86 1244/270/86
f 1244/270/86 1245/2393/86 161/269/85
f 1242/2394/432 1241/2391/289 89/271/82
f 89/271/82 92/276/85 1240/272/86
f 1243/273/106 1242/2394/432 89/271/82
f 1135/2395/90 1136/277/90 95/281/87
f 161/269/85 92/276/85 1137/2396/90
f 161/269/85 1137/2396/90 1142/2397/90
f 1135/2395/90 95/281/87 162/274/87
f 1141/2398/90 1135/2395/90 162/274/87
f 161/269/85 1142/2397/90 1140/275/90
f 1140/275/90 1141/2398/90 162/274/87
f 1138/2399/90 1137/2396/90 92/276/85
f 92/276/85 95/281/87 1136/277/90
f 1139/278/107 1138/2399/90 92/276/85
f 1143/2400/93 1144/282/93 97/286/92
f 162/274/87 95/281/87 1145/2401/93
f 162/274/87 1145/2401/93 1150/2402/93
f 1143/2400/93 97/286/92 163/279/92
f 1149/2403/93 1143/2400/93 163/279/92
f 162/274/87 1150/2402/93 1148/280/93
f 1148/280/93 1149/2403/93 163/279/92
f 1146/2404/433 1145/2401/93 95/281/87
f 95/281/87 97/286/92 1144/282/93
f 1147/283/108 1146/2404/433 95/281/87
f 1015/2405/97 1016/287/97 100/291/4
f 163/279/92 97/286/92 1017/2406/95
f 163/279/92 1017/2406/95 1021/2407/97
f 1015/2405/97 100/291/4 164/284/4
f 1020/2408/97 1015/2405/97 164/284/4
f 163/279/92 1021/2407/97 1022/285/97
f 1022/285/97 1020/2408/97 164/284/4
f 1018/2409/95 1017/2406/95 97/286/92
f 97/286/92 100/291/4 1016/287/97
f 1019/288/109 1018/2409/95 97/286/92
f 1031/2410/2 1032/292/3 103/296/1
f 164/284/4 100/291/4 1033/2411/2
f 164/284/4 1033/2411/2 1037/2412/2
f 1031/2410/2 103/296/1 165/289/1
f 1036/2413/2 1031/2410/2 165/289/1
f 164/284/4 1037/2412/2 1038/290/2
f 1038/290/2 1036/2413/2 165/289/1
f 1034/2414/91 1033/2411/2 100/291/4
f 100/291/4 103/296/1 1032/292/3
f 1035/293/110 1034/2414/91 100/291/4
f 1103/2415/6 1104/297/6 107/301/5
f 165/289/1 103/296/1 1105/2416/6
f 165/289/1 1105/2416/6 1110/2417/6
f 1103/2415/6 107/301/5 166/294/5
f 1109/2418/6 1103/2415/6 166/294/5
f 165/289/1 1110/2417/6 1108/295/6
f 1108/295/6 1109/2418/6 166/294/5
f 1106/2419/434 1105/2416/6 103/296/1
f 103/296/1 107/301/5 1104/297/6
f 1107/298/111 1106/2419/434 103/296/1
f 1111/2420/9 1112/302/9 110/304/8
f 166/294/5 107/301/5 1113/2421/9
f 166/294/5 1113/2421/9 1118/2422/9
f 1111/2420/9 110/304/8 167/299/8
f 1117/2423/9 1111/2420/9 167/299/8
f 166/294/5 1118/2422/9 1116/300/9
f 1116/300/9 1117/2423/9 167/299/8
f 1114/2424/9 1113/2421/9 107/301/5
f 107/301/5 110/304/8 1112/302/9
f 1115/303/10 1114/2424/9 107/301/5
f 1266/2425/435 1265/2426/12 110/304/8
f 110/304/8 113/311/11 1264/305/12
f 1267/306/112 1266/2425/435 110/304/8
f 1263/2427/12 1264/305/12 113/311/11
f 167/299/8 110/304/8 1265/2426/12
f 167/299/8 1265/2426/12 1269/2428/12
f 1263/2427/12 113/311/11 168/307/11
f 1268/2429/12 1263/2427/12 168/307/11
f 167/299/8 1269/2428/12 1270/308/12
f 1270/308/12 1268/2429/12 168/307/11
f 1277/2430/14 1273/312/14 116/316/13
f 168/307/11 113/311/11 1271/2431/14
f 168/307/11 1271/2431/14 1272/2432/14
f 1277/2430/14 116/316/13 169/309/13
f 1278/2433/14 1277/2430/14 169/309/13
f 168/307/11 1272/2432/14 1276/310/14
f 1276/310/14 1278/2433/14 169/309/13
f 1275/2434/436 1271/2431/14 113/311/11
f 113/311/11 116/316/13 1273/312/14
f 1274/313/14 1275/2434/436 113/311/11
f 1365/2435/17 1361/317/17 119/321/16
f 169/309/13 116/316/13 1359/2436/17
f 169/309/13 1359/2436/17 1360/2437/17
f 1365/2435/17 119/321/16 170/314/16
f 1366/2438/17 1365/2435/17 170/314/16
f 169/309/13 1360/2437/17 1364/315/17
f 1364/315/17 1366/2438/17 170/314/16
f 1363/2439/17 1359/2436/17 116/316/13
f 116/316/13 119/321/16 1361/317/17
f 1362/318/17 1363/2439/17 116/316/13
f 1373/2440/20 1369/322/20 121/326/19
f 170/314/16 119/321/16 1367/2441/20
f 170/314/16 1367/2441/20 1368/2442/20
f 1373/2440/20 121/326/19 171/319/19
f 1374/2443/20 1373/2440/20 171/319/19
f 170/314/16 1368/2442/20 1372/320/20
f 1372/320/20 1374/2443/20 171/319/19
f 1371/2444/266 1367/2441/20 119/321/16
f 119/321/16 121/326/19 1369/322/20
f 1370/323/20 1371/2444/266 119/321/16
f 1502/2445/23 1497/327/23 125/331/113
f 171/319/19 121/326/19 1495/2446/23
f 171/319/19 1495/2446/23 1496/2447/23
f 1502/2445/23 125/331/113 172/324/113
f 1501/2448/23 1502/2445/23 172/324/113
f 171/319/19 1496/2447/23 1500/325/23
f 1500/325/23 1501/2448/23 172/324/113
f 1499/2449/273 1495/2446/23 121/326/19
f 121/326/19 125/331/113 1497/327/23
f 1498/328/114 1499/2449/273 121/326/19
f 1453/2450/29 1449/332/29 128/336/25
f 172/324/113 125/331/113 1447/2451/29
f 172/324/113 1447/2451/29 1448/2452/29
f 1453/2450/29 128/336/25 173/329/25
f 1454/2453/29 1453/2450/29 173/329/25
f 172/324/113 1448/2452/29 1452/330/29
f 1452/330/29 1454/2453/29 173/329/25
f 1451/2454/437 1447/2451/29 125/331/113
f 125/331/113 128/336/25 1449/332/29
f 1450/333/115 1451/2454/437 125/331/113
f 1429/2455/31 1425/337/31 130/341/30
f 173/329/25 128/336/25 1423/2456/31
f 173/329/25 1423/2456/31 1424/2457/31
f 1429/2455/31 130/341/30 174/334/30
f 1430/2458/31 1429/2455/31 174/334/30
f 173/329/25 1424/2457/31 1428/335/31
f 1428/335/31 1430/2458/31 174/334/30
f 1427/2459/31 1423/2456/31 128/336/25
f 128/336/25 130/341/30 1425/337/31
f 1426/338/116 1427/2459/31 128/336/25
f 1437/2460/34 1433/342/34 133/346/33
f 174/334/30 130/341/30 1431/2461/34
f 174/334/30 1431/2461/34 1432/2462/34
f 1437/2460/34 133/346/33 175/339/33
f 1438/2463/34 1437/2460/34 175/339/33
f 174/334/30 1432/2462/34 1436/340/34
f 1436/340/34 1438/2463/34 175/339/33
f 1435/2464/34 1431/2461/34 130/341/30
f 130/341/30 133/346/33 1433/342/34
f 1434/343/34 1435/2464/34 130/341/30
f 1205/2465/37 1201/347/37 137/351/36
f 175/339/33 133/346/33 1199/2466/37
f 175/339/33 1199/2466/37 1200/2467/37
f 1205/2465/37 137/351/36 176/344/36
f 1206/2468/37 1205/2465/37 176/344/36
f 175/339/33 1200/2467/37 1204/345/37
f 1204/345/37 1206/2468/37 176/344/36
f 1203/2469/37 1199/2466/37 133/346/33
f 133/346/33 137/351/36 1201/347/37
f 1202/348/117 1203/2469/37 133/346/33
f 1214/2470/40 1209/352/40 140/356/39
f 176/344/36 137/351/36 1207/2471/438
f 176/344/36 1207/2471/438 1208/2472/40
f 1214/2470/40 140/356/39 177/349/39
f 1213/2473/40 1214/2470/40 177/349/39
f 176/344/36 1208/2472/40 1212/350/40
f 1212/350/40 1213/2473/40 177/349/39
f 1211/2474/118 1207/2471/438 137/351/36
f 137/351/36 140/356/39 1209/352/40
f 1210/353/118 1211/2474/118 137/351/36
f 1173/2475/42 1169/357/42 143/361/41
f 177/349/39 140/356/39 1167/2476/42
f 177/349/39 1167/2476/42 1168/2477/42
f 1173/2475/42 143/361/41 178/354/41
f 1174/2478/42 1173/2475/42 178/354/41
f 177/349/39 1168/2477/42 1172/355/42
f 1172/355/42 1174/2478/42 178/354/41
f 1171/2479/439 1167/2476/42 140/356/39
f 140/356/39 143/361/41 1169/357/42
f 1170/358/43 1171/2479/439 140/356/39
f 1181/2480/46 1177/362/46 145/366/44
f 178/354/41 143/361/41 1175/2481/46
f 178/354/41 1175/2481/46 1176/2482/46
f 1181/2480/46 145/366/44 179/359/44
f 1182/2483/46 1181/2480/46 179/359/44
f 178/354/41 1176/2482/46 1180/360/46
f 1180/360/46 1182/2483/46 179/359/44
f 1179/2484/46 1175/2481/46 143/361/41
f 143/361/41 145/366/44 1177/362/46
f 1178/363/45 1179/2484/46 143/361/41
f 1005/2485/48 1001/367/48 6/2486/47
f 179/359/44 145/366/44 999/2487/440
f 179/359/44 999/2487/440 1000/2488/48
f 1005/2485/48 6/2486/47 148/364/47
f 1006/2489/48 1005/2485/48 148/364/47
f 179/359/44 1000/2488/48 1004/365/48
f 1004/365/48 1006/2489/48 148/364/47
f 1003/2490/49 999/2487/440 145/366/44
f 145/366/44 6/2486/47 1001/367/48
f 1002/368/49 1003/2490/49 145/366/44
usemtl 
f 488/937/250 458/938/250 465/939/250
f 457/940/250 469/941/250 488/937/250
f 483/942/307 460/943/307 482/944/307
f 486/945/308 467/946/308 475/947/308
f 460/943/98 476/948/98 490/949/98
f 490/949/98 461/950/98 466/951/98
f 487/952/250 456/953/250 463/954/250
f 487/952/250 459/955/250 468/956/250
f 489/957/250 459/955/250 464/958/250
f 470/959/250 489/957/250 458/938/250
f 488/937/250 469/941/250 458/938/250
f 458/938/250 464/958/250 465/939/250
f 465/939/250 457/940/250 488/937/250
f 483/942/307 474/969/307 460/943/307
f 460/943/307 466/951/307 482/944/307
f 482/944/307 484/967/307 483/942/307
f 486/945/308 481/971/308 467/946/308
f 467/946/308 461/950/308 475/947/308
f 475/947/308 485/970/308 486/945/308
f 490/949/98 476/948/98 461/950/98
f 461/950/98 467/946/98 466/951/98
f 466/951/98 460/943/98 490/949/98
f 487/952/250 468/956/250 456/953/250
f 456/953/250 462/973/250 463/954/250
f 463/954/250 459/955/250 487/952/250
f 489/957/250 470/959/250 459/955/250
f 459/955/250 463/954/250 464/958/250
f 464/958/250 458/938/250 489/957/250
usemtl 
f 440/920/23 448/921/23 445/922/23
f 444/923/72 455/924/72 450/925/72
f 451/926/250 444/923/250 450/925/250
f 446/927/307 448/928/307 454/929/307
f 442/930/308 453/931/308 455/924/308
f 447/932/98 454/929/98 453/931/98
f 449/933/250 441/934/250 452/935/250
f 452/935/250 443/936/250 451/926/250
f 440/920/23 449/2855/23 448/921/23
f 444/923/72 442/930/72 455/924/72
f 451/926/250 443/936/250 444/923/250
f 446/927/307 445/2856/307 448/928/307
f 442/930/308 447/932/308 453/931/308
f 447/932/98 446/927/98 454/929/98
f 449/933/250 440/2857/250 441/934/250
f 452/935/250 441/934/250 443/936/250
usemtl 
f 473/960/23 478/961/23 456/962/23
f 472/963/72 477/964/72 480/965/72
f 457/940/250 477/964/250 471/966/250
f 484/967/307 479/968/307 474/969/307
f 485/970/308 472/963/308 481/971/308
f 478/972/250 462/973/250 456/953/250
f 473/960/23 479/2858/23 478/961/23
f 472/963/72 471/966/72 477/964/72
f 457/940/250 465/939/250 477/964/250
f 484/967/307 482/944/307 479/968/307
f 479/968/307 473/2859/307 474/969/307
f 474/969/307 483/942/307 484/967/307
f 485/970/308 475/947/308 472/963/308
f 472/963/308 480/965/308 481/971/308
f 481/971/308 486/945/308 485/970/308
usemtl 
f 523/1009/31 531/1010/31 528/1011/31
f 527/1012/77 538/1013/77 533/1014/77
f 526/1015/250 533/1014/250 534/1016/250
f 537/1017/311 528/1018/311 531/1019/311
f 538/1013/312 530/1020/312 536/1021/312
f 536/1021/98 529/1022/98 537/1017/98
f 523/1023/250 535/1024/250 532/1025/250
f 524/1026/250 534/1016/250 535/1024/250
f 523/1009/31 532/2865/31 531/1010/31
f 527/1012/77 525/2866/77 538/1013/77
f 526/1015/250 527/1012/250 533/1014/250
f 537/1017/311 529/1022/311 528/1018/311
f 538/1013/312 525/2866/312 530/1020/312
f 536/1021/98 530/1020/98 529/1022/98
f 523/1023/250 524/1026/250 535/1024/250
f 524/1026/250 526/1015/250 534/1016/250
usemtl 
f 539/1027/31 552/1028/31 547/1029/31
f 545/1030/77 551/1031/77 550/1032/77
f 541/1033/250 549/1034/250 551/1031/250
f 552/1035/311 544/1036/311 553/1037/311
f 554/1038/312 545/1030/312 550/1032/312
f 553/1037/98 546/1039/98 554/1038/98
f 543/1040/250 547/1041/250 548/1042/250
f 542/1043/250 548/1042/250 549/1034/250
f 539/1027/31 540/2867/31 552/1028/31
f 545/1030/77 541/1033/77 551/1031/77
f 541/1033/250 542/1043/250 549/1034/250
f 552/1035/311 540/2868/311 544/1036/311
f 554/1038/312 546/1039/312 545/1030/312
f 553/1037/98 544/1036/98 546/1039/98
f 543/1040/250 539/2869/250 547/1041/250
f 542/1043/250 543/1040/250 548/1042/250
usemtl 
f 555/1044/20 568/1045/20 563/1046/20
f 561/1047/68 567/1048/68 566/1049/68
f 567/1048/250 558/1050/250 565/1051/250
f 556/1052/313 569/1053/313 568/1054/313
f 562/1055/314 566/1049/314 570/1056/314
f 560/1057/98 570/1056/98 569/1053/98
f 555/1058/250 564/1059/250 559/1060/250
f 559/1060/250 565/1051/250 558/1050/250
f 555/1044/20 556/2870/20 568/1045/20
f 561/1047/68 557/2871/68 567/1048/68
f 567/1048/250 557/2871/250 558/1050/250
f 556/1052/313 560/1057/313 569/1053/313
f 562/1055/314 561/1047/314 566/1049/314
f 560/1057/98 562/1055/98 570/1056/98
f 555/1058/250 563/2872/250 564/1059/250
f 559/1060/250 564/1059/250 565/1051/250
usemtl 
f 587/1078/17 595/1079/17 592/1080/17
f 591/1081/66 602/1082/66 597/1083/66
f 598/1084/250 591/1081/250 597/1083/250
f 592/1085/315 601/1086/316 593/1087/315
f 589/1088/317 600/1089/318 602/1082/318
f 594/1090/98 601/1086/98 600/1089/98
f 587/1091/250 599/1092/250 596/1093/250
f 590/1094/250 599/1092/250 588/1095/250
f 587/1078/17 596/2876/17 595/1079/17
f 591/1081/66 589/1088/66 602/1082/66
f 598/1084/250 590/1094/250 591/1081/250
f 592/1085/315 595/2877/316 601/1086/316
f 589/1088/317 594/1090/317 600/1089/318
f 594/1090/98 593/1087/98 601/1086/98
f 587/1091/250 588/1095/250 599/1092/250
f 590/1094/250 598/1084/250 599/1092/250
usemtl 
f 635/1130/34 643/1131/34 640/1132/34
f 639/1133/81 650/1134/81 645/1135/81
f 638/1136/250 645/1135/250 646/1137/250
f 649/1138/319 640/1139/320 643/1140/319
f 637/1141/321 648/1142/322 650/1134/322
f 648/1142/98 641/1143/98 649/1138/98
f 635/1144/250 647/1145/250 644/1146/250
f 636/1147/250 646/1137/250 647/1145/250
f 635/1130/34 644/2884/34 643/1131/34
f 639/1133/81 637/1141/81 650/1134/81
f 638/1136/250 639/1133/250 645/1135/250
f 649/1138/319 641/1143/320 640/1139/320
f 637/1141/321 642/2885/321 648/1142/322
f 648/1142/98 642/2885/98 641/1143/98
f 635/1144/250 636/1147/250 647/1145/250
f 636/1147/250 638/1136/250 646/1137/250
usemtl 
f 16/1148/83 652/1149/83 12/1150/83
f 12/1150/250 686/1151/250 695/1152/250
f 699/1153/250 31/1154/250 686/1151/250
f 687/1155/250 653/1156/250 699/1153/250
f 657/1157/323 33/1158/323 655/1159/323
f 655/1159/98 697/1160/98 685/1161/98
f 35/1162/98 702/1163/98 696/1164/98
f 702/1163/98 656/1165/98 697/1160/98
f 692/1166/250 654/1167/250 690/1168/250
f 701/1169/250 1/1170/250 690/1168/250
f 691/1171/250 651/1172/250 701/1169/250
f 698/1173/250 653/1156/250 688/1174/250
f 689/1175/250 654/1167/250 700/1176/250
f 700/1176/250 29/1177/324 688/1174/250
f 693/1178/12 16/1148/12 695/1179/12
f 694/1180/12 697/1181/12 33/1182/12
f 16/1148/83 657/1157/83 652/1149/83
f 12/1150/250 652/1149/250 686/1151/250
f 699/1153/250 653/1156/250 31/1154/250
f 31/1154/250 695/1152/250 686/1151/250
f 686/1151/250 687/1155/250 699/1153/250
f 657/1157/323 16/1148/323 33/1158/323
f 655/1159/98 33/1158/98 697/1160/98
f 702/1163/98 35/1162/98 656/1165/98
f 656/1165/98 685/1161/98 697/1160/98
f 697/1160/98 696/1164/98 702/1163/98
f 692/1166/250 29/1177/324 654/1167/250
f 701/1169/250 651/1172/250 1/1170/250
f 1/1170/250 692/1166/250 690/1168/250
f 690/1168/250 691/1171/250 701/1169/250
f 698/1173/250 31/1154/250 653/1156/250
f 700/1176/250 654/1167/250 29/1177/324
f 29/1177/324 698/1173/250 688/1174/250
f 688/1174/250 689/1175/250 700/1176/250
f 693/1178/12 694/1180/12 33/1182/12
f 16/1148/12 12/1150/12 695/1179/12
f 693/1178/12 33/1182/12 16/1148/12
usemtl 
f 679/1200/37 682/1201/37 683/1202/37
f 676/1203/83 695/1204/83 678/1205/83
f 31/1206/250 677/1207/250 695/1204/250
f 684/1208/325 679/1209/325 683/1210/325
f 693/1211/326 681/1212/323 697/1213/323
f 35/1214/98 681/1212/98 680/1215/98
f 1/1216/250 674/1217/250 692/1218/250
f 692/1218/250 677/1207/250 698/1219/250
f 679/1200/37 674/2889/37 682/1201/37
f 676/1203/83 693/1211/83 695/1204/83
f 31/1206/250 698/1219/250 677/1207/250
f 677/1207/250 678/1205/250 695/1204/250
f 684/1208/325 680/1215/325 679/1209/325
f 697/1213/323 694/2890/113 693/1211/326
f 693/1211/326 676/1203/323 681/1212/323
f 684/1208/98 656/2891/98 35/1214/98
f 696/2892/98 697/1213/98 681/1212/98
f 680/1215/98 684/1208/98 35/1214/98
f 35/1214/98 696/2892/98 681/1212/98
f 1/1216/250 651/2893/250 682/2894/250
f 674/1217/250 675/2895/250 692/1218/250
f 1/1216/250 682/2894/250 674/1217/250
f 698/1219/250 29/2896/324 692/1218/250
f 692/1218/250 675/2895/250 677/1207/250
usemtl 
f 703/1220/14 711/1221/14 708/1222/14
f 707/1223/63 718/1224/63 713/1225/63
f 706/1226/250 713/1225/250 714/1227/250
f 709/1228/327 711/1229/327 717/1230/327
f 705/1231/328 716/1232/328 718/1224/328
f 710/1233/98 717/1230/98 716/1232/98
f 712/1234/250 704/1235/250 715/1236/250
f 715/1236/250 706/1226/250 714/1227/250
f 703/1220/14 712/2897/14 711/1221/14
f 707/1223/63 705/1231/63 718/1224/63
f 706/1226/250 707/1223/250 713/1225/250
f 709/1228/327 708/2898/327 711/1229/327
f 705/1231/328 710/1233/328 716/1232/328
f 710/1233/98 709/1228/98 717/1230/98
f 712/1234/250 703/2899/250 704/1235/250
f 715/1236/250 704/1235/250 706/1226/250
usemtl 
f 720/1237/14 732/1238/14 727/1239/14
f 725/1240/63 731/1241/63 730/1242/63
f 731/1241/250 722/1243/250 729/1244/250
f 719/1245/327 733/1246/327 732/1247/327
f 726/1248/328 730/1242/328 734/1249/328
f 724/1250/98 734/1249/98 733/1246/98
f 728/1251/250 720/1252/250 727/1253/250
f 729/1244/250 723/1254/250 728/1251/250
f 720/1237/14 719/2900/14 732/1238/14
f 725/1240/63 721/2901/63 731/1241/63
f 731/1241/250 721/2901/250 722/1243/250
f 719/1245/327 724/1250/327 733/1246/327
f 726/1248/328 725/1240/328 730/1242/328
f 724/1250/98 726/1248/98 734/1249/98
f 728/1251/250 723/1254/250 720/1252/250
f 729/1244/250 722/1243/250 723/1254/250
usemtl 
f 736/1255/12 748/1256/12 743/1257/12
f 737/1258/60 746/1259/60 741/1260/60
f 737/1258/250 745/1261/250 747/1262/250
f 748/1263/329 740/1264/329 749/1265/329
f 750/1266/330 741/1260/330 746/1259/330
f 749/1265/98 742/1267/98 750/1266/98
f 739/1268/250 743/1269/250 744/1270/250
f 738/1271/250 744/1270/250 745/1261/250
f 736/1255/12 735/2902/12 748/1256/12
f 737/1258/60 747/1262/60 746/1259/60
f 737/1258/250 738/1271/250 745/1261/250
f 748/1263/329 735/2903/329 740/1264/329
f 750/1266/330 742/1267/330 741/1260/330
f 749/1265/98 740/1264/98 742/1267/98
f 739/1268/250 736/2904/250 743/1269/250
f 738/1271/250 739/1268/250 744/1270/250
usemtl 
f 756/1272/12 760/1273/12 759/1274/12
f 755/1275/60 766/1276/60 761/1277/60
f 754/1278/250 761/1277/250 762/1279/250
f 757/1280/329 759/1281/329 765/1282/329
f 766/1276/330 758/1283/330 764/1284/330
f 764/1284/98 757/1280/98 765/1282/98
f 751/1285/250 763/1286/250 760/1287/250
f 752/1288/250 762/1279/250 763/1286/250
f 756/1272/12 751/2905/12 760/1273/12
f 755/1275/60 753/2906/60 766/1276/60
f 754/1278/250 755/1275/250 761/1277/250
f 757/1280/329 756/2907/329 759/1281/329
f 766/1276/330 753/2906/330 758/1283/330
f 764/1284/98 758/1283/98 757/1280/98
f 751/1285/250 752/1288/250 763/1286/250
f 752/1288/250 754/1278/250 762/1279/250
usemtl 
f 769/1289/40 778/1290/40 773/1291/40
f 768/1292/86 780/1293/86 775/1294/86
f 776/1295/250 768/1292/250 775/1294/250
f 774/1296/331 778/1297/331 782/1298/331
f 767/1299/332 781/1300/332 780/1293/332
f 772/1301/98 782/1298/98 781/1300/98
f 779/1302/250 770/1303/250 777/1304/250
f 777/1304/250 771/1305/250 776/1295/250
f 769/1289/40 779/2908/40 778/1290/40
f 768/1292/86 767/1299/86 780/1293/86
f 776/1295/250 771/1305/250 768/1292/250
f 774/1296/331 773/2909/331 778/1297/331
f 767/1299/332 772/1301/332 781/1300/332
f 772/1301/98 774/1296/98 782/1298/98
f 779/1302/250 769/2910/250 770/1303/250
f 777/1304/250 770/1303/250 771/1305/250
usemtl 
f 787/1306/40 798/1307/40 793/1308/40
f 788/1309/86 792/1310/86 791/1311/86
f 792/1310/250 784/1312/250 795/1313/250
f 785/1314/331 796/1315/331 798/1316/331
f 789/1317/332 791/1311/332 797/1318/332
f 790/1319/98 797/1318/98 796/1315/98
f 794/1320/250 787/1321/250 793/1322/250
f 795/1313/250 786/1323/250 794/1320/250
f 787/1306/40 785/2911/40 798/1307/40
f 788/1309/86 783/2912/86 792/1310/86
f 792/1310/250 783/2912/250 784/1312/250
f 785/1314/331 790/1319/331 796/1315/331
f 789/1317/332 788/1309/332 791/1311/332
f 790/1319/98 789/1317/98 797/1318/98
f 794/1320/250 786/1323/250 787/1321/250
f 795/1313/250 784/1312/250 786/1323/250
usemtl 
f 803/1324/42 814/1325/42 809/1326/42
f 804/1327/90 808/1328/90 807/1329/90
f 808/1328/250 800/1330/250 811/1331/250
f 801/1332/333 812/1333/334 814/1334/334
f 805/1335/335 807/1329/336 813/1336/336
f 812/1333/98 805/1335/98 813/1336/98
f 810/1337/250 803/1338/250 809/1339/250
f 800/1330/250 810/1337/250 811/1331/250
f 803/1324/42 801/2913/42 814/1325/42
f 804/1327/90 799/2914/90 808/1328/90
f 808/1328/250 799/2914/250 800/1330/250
f 801/1332/333 806/2915/333 812/1333/334
f 805/1335/335 804/1327/335 807/1329/336
f 812/1333/98 806/2915/98 805/1335/98
f 810/1337/250 802/2916/250 803/1338/250
f 800/1330/250 802/2916/250 810/1337/250
usemtl 
f 817/1340/42 826/1341/42 821/1342/42
f 815/1343/90 828/1344/90 823/1345/90
f 824/1346/250 815/1343/250 823/1345/250
f 822/1347/334 826/1348/334 830/1349/334
f 816/1350/335 829/1351/336 828/1344/336
f 820/1352/98 830/1349/98 829/1351/98
f 827/1353/250 818/1354/250 825/1355/250
f 825/1355/250 819/1356/250 824/1346/250
f 817/1340/42 827/2917/42 826/1341/42
f 815/1343/90 816/1350/90 828/1344/90
f 824/1346/250 819/1356/250 815/1343/250
f 822/1347/334 821/2918/333 826/1348/334
f 816/1350/335 820/1352/335 829/1351/336
f 820/1352/98 822/1347/98 830/1349/98
f 827/1353/250 817/2919/250 818/1354/250
f 825/1355/250 818/1354/250 819/1356/250
usemtl 
f 836/1357/9 840/1358/9 839/1359/9
f 835/1360/57 846/1361/57 841/1362/57
f 834/1363/250 841/1362/250 842/1364/250
f 845/1365/337 836/1366/338 839/1367/337
f 846/1361/339 838/1368/340 844/1369/339
f 844/1369/98 837/1370/98 845/1365/98
f 831/1371/250 843/1372/250 840/1373/250
f 832/1374/250 842/1364/250 843/1372/250
f 836/1357/9 831/2920/9 840/1358/9
f 835/1360/57 833/2921/57 846/1361/57
f 834/1363/250 835/1360/250 841/1362/250
f 845/1365/337 837/1370/338 836/1366/338
f 846/1361/339 833/2921/340 838/1368/340
f 844/1369/98 838/1368/98 837/1370/98
f 831/1371/250 832/1374/250 843/1372/250
f 832/1374/250 834/1363/250 842/1364/250
usemtl 
f 848/1375/9 860/1376/9 855/1377/9
f 849/1378/57 858/1379/57 853/1380/57
f 849/1378/250 857/1381/250 859/1382/250
f 860/1383/337 852/1384/338 861/1385/337
f 862/1386/339 853/1380/340 858/1379/339
f 861/1385/98 854/1387/98 862/1386/98
f 851/1388/250 855/1389/250 856/1390/250
f 850/1391/250 856/1390/250 857/1381/250
f 848/1375/9 847/2922/9 860/1376/9
f 849/1378/57 859/1382/57 858/1379/57
f 849/1378/250 850/1391/250 857/1381/250
f 860/1383/337 847/2923/338 852/1384/338
f 862/1386/339 854/1387/340 853/1380/340
f 861/1385/98 852/1384/98 854/1387/98
f 851/1388/250 848/2924/250 855/1389/250
f 850/1391/250 851/1388/250 856/1390/250
usemtl 
f 863/1392/6 876/1393/6 871/1394/6
f 865/1395/55 874/1396/55 869/1397/55
f 865/1395/250 873/1398/250 875/1399/250
f 876/1400/341 868/1401/341 877/1402/341
f 878/1403/342 869/1397/342 874/1396/342
f 877/1402/98 870/1404/98 878/1403/98
f 863/1405/250 872/1406/250 867/1407/250
f 866/1408/250 872/1406/250 873/1398/250
f 863/1392/6 864/2925/6 876/1393/6
f 865/1395/55 875/1399/55 874/1396/55
f 865/1395/250 866/1408/250 873/1398/250
f 876/1400/341 864/2926/341 868/1401/341
f 878/1403/342 870/1404/342 869/1397/342
f 877/1402/98 868/1401/98 870/1404/98
f 863/1405/250 871/2927/250 872/1406/250
f 866/1408/250 867/1407/250 872/1406/250
usemtl 
f 884/1409/6 888/1410/6 887/1411/6
f 883/1412/55 894/1413/55 889/1414/55
f 882/1415/250 889/1414/250 890/1416/250
f 893/1417/341 884/1418/341 887/1419/341
f 894/1413/342 886/1420/342 892/1421/342
f 892/1421/98 885/1422/98 893/1417/98
f 879/1423/250 891/1424/250 888/1425/250
f 880/1426/250 890/1416/250 891/1424/250
f 884/1409/6 879/2928/6 888/1410/6
f 883/1412/55 881/2929/55 894/1413/55
f 882/1415/250 883/1412/250 889/1414/250
f 893/1417/341 885/1422/341 884/1418/341
f 894/1413/342 881/2929/342 886/1420/342
f 892/1421/98 886/1420/98 885/1422/98
f 879/1423/250 880/1426/250 891/1424/250
f 880/1426/250 882/1415/250 890/1416/250
usemtl 
f 897/1427/46 905/1428/46 901/1429/46
f 895/1430/93 908/1431/93 903/1432/93
f 904/1433/250 895/1430/250 903/1432/250
f 902/1434/343 905/1435/343 910/1436/343
f 896/1437/344 909/1438/344 908/1431/344
f 900/1439/98 910/1436/98 909/1438/98
f 907/1440/250 898/1441/250 906/1442/250
f 906/1442/250 899/1443/250 904/1433/250
f 897/1427/46 907/2930/46 905/1428/46
f 895/1430/93 896/1437/93 908/1431/93
f 904/1433/250 899/1443/250 895/1430/250
f 902/1434/343 901/2931/343 905/1435/343
f 896/1437/344 900/1439/344 909/1438/344
f 900/1439/98 902/1434/98 910/1436/98
f 907/1440/250 897/2932/250 898/1441/250
f 906/1442/250 898/1441/250 899/1443/250
usemtl 
f 915/1444/46 925/1445/46 921/1446/46
f 916/1447/93 920/1448/93 919/1449/93
f 920/1448/250 912/1450/250 923/1451/250
f 913/1452/343 926/1453/343 925/1454/343
f 917/1455/344 919/1449/344 924/1456/344
f 918/1457/98 924/1456/98 926/1453/98
f 922/1458/250 915/1459/250 921/1460/250
f 923/1451/250 914/1461/250 922/1458/250
f 915/1444/46 913/2933/46 925/1445/46
f 916/1447/93 911/2934/93 920/1448/93
f 920/1448/250 911/2934/250 912/1450/250
f 913/1452/343 918/1457/343 926/1453/343
f 917/1455/344 916/1447/344 919/1449/344
f 918/1457/98 917/1455/98 924/1456/98
f 922/1458/250 914/1461/250 915/1459/250
f 923/1451/250 912/1450/250 914/1461/250
usemtl 
f 929/1462/48 938/1463/48 933/1464/48
f 928/1465/97 940/1466/97 935/1467/97
f 936/1468/250 928/1465/250 935/1467/250
f 934/1469/345 938/1470/345 942/1471/345
f 927/1472/346 941/1473/346 940/1466/346
f 941/1473/98 934/1469/98 942/1471/98
f 939/1474/250 930/1475/250 937/1476/250
f 930/1475/250 936/1468/250 937/1476/250
f 929/1462/48 939/2935/48 938/1463/48
f 928/1465/97 927/1472/97 940/1466/97
f 936/1468/250 931/2936/250 928/1465/250
f 934/1469/345 933/2937/345 938/1470/345
f 927/1472/346 932/2938/346 941/1473/346
f 941/1473/98 932/2938/98 934/1469/98
f 939/1474/250 929/2939/250 930/1475/250
f 930/1475/250 931/2936/250 936/1468/250
usemtl 
f 944/1477/2 956/1478/2 951/1479/2
f 945/1480/51 954/1481/51 949/1482/51
f 945/1480/250 953/1483/250 955/1484/250
f 956/1485/347 948/1486/347 957/1487/347
f 958/1488/348 949/1482/348 954/1481/348
f 948/1486/98 958/1488/98 957/1487/98
f 947/1489/250 951/1490/250 952/1491/250
f 947/1489/250 953/1483/250 946/1492/250
f 944/1477/2 943/2940/2 956/1478/2
f 945/1480/51 955/1484/51 954/1481/51
f 945/1480/250 946/1492/250 953/1483/250
f 956/1485/347 943/2941/347 948/1486/347
f 958/1488/348 950/2942/348 949/1482/348
f 948/1486/98 950/2942/98 958/1488/98
f 947/1489/250 944/2943/250 951/1490/250
f 947/1489/250 952/1491/250 953/1483/250
usemtl 
f 964/1493/2 968/1494/2 967/1495/2
f 963/1496/51 974/1497/51 969/1498/51
f 962/1499/250 969/1498/250 970/1500/250
f 973/1501/347 964/1502/347 967/1503/347
f 974/1497/348 966/1504/348 972/1505/348
f 966/1504/98 973/1501/98 972/1505/98
f 959/1506/250 971/1507/250 968/1508/250
f 971/1507/250 962/1499/250 970/1500/250
f 964/1493/2 959/2944/2 968/1494/2
f 963/1496/51 961/2945/51 974/1497/51
f 962/1499/250 963/1496/250 969/1498/250
f 973/1501/347 965/2946/347 964/1502/347
f 974/1497/348 961/2945/348 966/1504/348
f 966/1504/98 965/2946/98 973/1501/98
f 959/1506/250 960/2947/250 971/1507/250
f 971/1507/250 960/2947/250 962/1499/250
usemtl 
f 979/1509/48 990/1510/48 985/1511/48
f 980/1512/97 984/1513/97 983/1514/97
f 984/1513/250 976/1515/250 987/1516/250
f 977/1517/345 988/1518/345 990/1519/345
f 981/1520/346 983/1514/346 989/1521/346
f 982/1522/98 989/1521/98 988/1518/98
f 986/1523/250 979/1524/250 985/1525/250
f 976/1515/250 986/1523/250 987/1516/250
f 979/1509/48 977/2948/48 990/1510/48
f 980/1512/97 975/2949/97 984/1513/97
f 984/1513/250 975/2949/250 976/1515/250
f 977/1517/345 982/1522/345 988/1518/345
f 981/1520/346 980/1512/346 983/1514/346
f 982/1522/98 981/1520/98 989/1521/98
f 986/1523/250 978/2950/250 979/1524/250
f 976/1515/250 978/2950/250 986/1523/250
usemtl 
f 991/1526/23 999/1527/23 993/1528/23
f 995/1529/72 1001/1530/72 1005/1531/72
f 997/1532/250 1001/1530/250 996/1533/250
f 991/1534/349 1004/1535/349 1000/1536/349
f 998/1537/350 1005/1531/350 1006/1538/350
f 992/1539/98 1006/1538/98 1004/1535/98
f 993/1540/250 1003/1541/250 994/1542/250
f 994/1542/250 1002/1543/250 997/1532/250
f 991/1526/23 1000/2951/23 999/1527/23
f 995/1529/72 996/1533/72 1001/1530/72
f 997/1532/250 1002/1543/250 1001/1530/250
f 991/1534/349 992/1539/349 1004/1535/349
f 998/1537/350 995/1529/350 1005/1531/350
f 992/1539/98 998/1537/98 1006/1538/98
f 993/1540/250 999/2952/250 1003/1541/250
f 994/1542/250 1003/1541/250 1002/1543/250
usemtl 
f 1009/1544/23 1015/1545/23 1011/1546/23
f 1013/1547/72 1021/1548/72 1017/1549/72
f 1018/1550/250 1013/1547/250 1017/1549/250
f 1011/1551/349 1020/1552/349 1014/1553/349
f 1008/1554/350 1022/1555/350 1021/1548/350
f 1022/1555/98 1014/1553/98 1020/1552/98
f 1016/1556/250 1010/1557/250 1019/1558/250
f 1010/1557/250 1018/1550/250 1019/1558/250
f 1009/1544/23 1016/2953/23 1015/1545/23
f 1013/1547/72 1008/1554/72 1021/1548/72
f 1018/1550/250 1012/2954/250 1013/1547/250
f 1011/1551/349 1015/2955/349 1020/1552/349
f 1008/1554/350 1007/2956/350 1022/1555/350
f 1022/1555/98 1007/2956/98 1014/1553/98
f 1016/1556/250 1009/2957/250 1010/1557/250
f 1010/1557/250 1012/2954/250 1018/1550/250
usemtl 
f 1025/1559/29 1031/1560/29 1027/1561/29
f 1029/1562/75 1037/1563/75 1033/1564/75
f 1028/1565/250 1033/1564/250 1034/1566/250
f 1036/1567/351 1027/1568/351 1031/1569/351
f 1037/1563/352 1023/1570/352 1038/1571/352
f 1023/1570/98 1036/1567/98 1038/1571/98
f 1025/1572/250 1035/1573/250 1032/1574/250
f 1035/1573/250 1028/1565/250 1034/1566/250
f 1025/1559/29 1032/2958/29 1031/1560/29
f 1029/1562/75 1024/2959/75 1037/1563/75
f 1028/1565/250 1029/1562/250 1033/1564/250
f 1036/1567/351 1030/2960/351 1027/1568/351
f 1037/1563/352 1024/2959/352 1023/1570/352
f 1023/1570/98 1030/2960/98 1036/1567/98
f 1025/1572/250 1026/2961/250 1035/1573/250
f 1035/1573/250 1026/2961/250 1028/1565/250
usemtl 
f 1039/1575/29 1047/1576/29 1041/1577/29
f 1043/1578/75 1049/1579/75 1053/1580/75
f 1044/1581/250 1050/1582/250 1049/1579/250
f 1039/1583/351 1052/1584/351 1048/1585/351
f 1054/1586/352 1043/1578/352 1053/1580/352
f 1040/1587/98 1054/1586/98 1052/1584/98
f 1051/1588/250 1041/1589/250 1047/1590/250
f 1045/1591/250 1051/1588/250 1050/1582/250
f 1039/1575/29 1048/2962/29 1047/1576/29
f 1043/1578/75 1044/1581/75 1049/1579/75
f 1044/1581/250 1045/1591/250 1050/1582/250
f 1039/1583/351 1040/1587/351 1052/1584/351
f 1054/1586/352 1046/2963/352 1043/1578/352
f 1040/1587/98 1046/2963/98 1054/1586/98
f 1051/1588/250 1042/2964/250 1041/1589/250
f 1045/1591/250 1042/2964/250 1051/1588/250
usemtl 
f 1055/1592/31 1071/1593/31 1057/1594/31
f 1059/1595/77 1073/1596/77 1077/1597/77
f 1060/1598/250 1074/1599/250 1073/1596/250
f 1072/1600/353 1056/1601/353 1076/1602/353
f 1078/1603/354 1059/1595/354 1077/1597/354
f 1056/1601/98 1078/1603/98 1076/1602/98
f 1058/1604/250 1071/1605/250 1075/1606/250
f 1074/1599/250 1058/1604/250 1075/1606/250
f 1063/1607/34 1079/1608/34 1065/1609/34
f 1067/1610/81 1081/1611/81 1085/1612/81
f 1068/1613/250 1082/1614/250 1081/1611/250
f 1080/1615/355 1064/1616/355 1084/1617/355
f 1086/1618/356 1067/1610/356 1085/1612/356
f 1084/1617/98 1070/1619/98 1086/1618/98
f 1066/1620/250 1079/1621/250 1083/1622/250
f 1069/1623/250 1083/1622/250 1082/1614/250
f 1055/1592/31 1072/2965/31 1071/1593/31
f 1059/1595/77 1060/1598/77 1073/1596/77
f 1060/1598/250 1061/2966/250 1074/1599/250
f 1072/1600/353 1055/2967/353 1056/1601/353
f 1078/1603/354 1062/2968/354 1059/1595/354
f 1056/1601/98 1062/2968/98 1078/1603/98
f 1058/1604/250 1057/2969/250 1071/1605/250
f 1074/1599/250 1061/2966/250 1058/1604/250
f 1063/1607/34 1080/2970/34 1079/1608/34
f 1067/1610/81 1068/1613/81 1081/1611/81
f 1068/1613/250 1069/1623/250 1082/1614/250
f 1080/1615/355 1063/2971/355 1064/1616/355
f 1086/1618/356 1070/1619/356 1067/1610/356
f 1084/1617/98 1064/1616/98 1070/1619/98
f 1066/1620/250 1065/2972/250 1079/1621/250
f 1069/1623/250 1066/1620/250 1083/1622/250
usemtl 
f 1093/1624/77 1110/1625/77 1105/1626/77
f 1089/1627/31 1103/1628/31 1091/1629/31
f 1089/1627/250 1107/1630/250 1104/1631/250
f 1110/1632/354 1087/1633/354 1108/1634/354
f 1109/1635/353 1091/1629/353 1103/1628/353
f 1087/1633/98 1109/1635/98 1108/1634/98
f 1092/1636/250 1105/1637/250 1106/1638/250
f 1090/1639/250 1106/1638/250 1107/1630/250
f 1101/1640/81 1118/1641/81 1113/1642/81
f 1097/1643/34 1111/1644/34 1099/1645/34
f 1097/1643/250 1115/1646/250 1112/1647/250
f 1118/1648/356 1095/1649/356 1116/1650/356
f 1117/1651/355 1099/1645/355 1111/1644/355
f 1116/1650/98 1102/1652/98 1117/1651/98
f 1100/1653/250 1113/1654/250 1114/1655/250
f 1098/1656/250 1114/1655/250 1115/1646/250
f 1093/1624/77 1088/2973/77 1110/1625/77
f 1089/1627/31 1104/1631/31 1103/1628/31
f 1089/1627/250 1090/1639/250 1107/1630/250
f 1110/1632/354 1088/2974/354 1087/1633/354
f 1109/1635/353 1094/2975/353 1091/1629/353
f 1087/1633/98 1094/2975/98 1109/1635/98
f 1092/1636/250 1093/2976/250 1105/1637/250
f 1090/1639/250 1092/1636/250 1106/1638/250
f 1101/1640/81 1096/2977/81 1118/1641/81
f 1097/1643/34 1112/1647/34 1111/1644/34
f 1097/1643/250 1098/1656/250 1115/1646/250
f 1118/1648/356 1096/2978/356 1095/1649/356
f 1117/1651/355 1102/1652/355 1099/1645/355
f 1116/1650/98 1095/1649/98 1102/1652/98
f 1100/1653/250 1101/2979/250 1113/1654/250
f 1098/1656/250 1100/1653/250 1114/1655/250
usemtl 
f 1129/1657/20 1143/1658/20 1131/1659/20
f 1133/1660/68 1150/1661/68 1145/1662/68
f 1146/1663/250 1133/1660/250 1145/1662/250
f 1134/1664/357 1143/1665/357 1149/1666/357
f 1128/1667/358 1148/1668/358 1150/1661/358
f 1148/1668/98 1134/1664/98 1149/1666/98
f 1144/1669/250 1130/1670/250 1147/1671/250
f 1130/1670/250 1146/1663/250 1147/1671/250
f 1121/1672/17 1135/1673/17 1123/1674/17
f 1125/1675/66 1142/1676/66 1137/1677/66
f 1138/1678/250 1125/1675/250 1137/1677/250
f 1126/1679/359 1135/1680/359 1141/1681/359
f 1120/1682/360 1140/1683/360 1142/1676/360
f 1119/1684/98 1141/1681/98 1140/1683/98
f 1136/1685/250 1122/1686/250 1139/1687/250
f 1139/1687/250 1124/1688/250 1138/1678/250
f 1129/1657/20 1144/2980/20 1143/1658/20
f 1133/1660/68 1128/1667/68 1150/1661/68
f 1146/1663/250 1132/2981/250 1133/1660/250
f 1134/1664/357 1131/2982/357 1143/1665/357
f 1128/1667/358 1127/2983/358 1148/1668/358
f 1148/1668/98 1127/2983/98 1134/1664/98
f 1144/1669/250 1129/2984/250 1130/1670/250
f 1130/1670/250 1132/2981/250 1146/1663/250
f 1121/1672/17 1136/2985/17 1135/1673/17
f 1125/1675/66 1120/1682/66 1142/1676/66
f 1138/1678/250 1124/1688/250 1125/1675/250
f 1126/1679/359 1123/2986/359 1135/1680/359
f 1120/1682/360 1119/1684/360 1140/1683/360
f 1119/1684/98 1126/1679/98 1141/1681/98
f 1136/1685/250 1121/2987/250 1122/1686/250
f 1139/1687/250 1122/1686/250 1124/1688/250
usemtl 
f 1163/1689/68 1177/1690/68 1181/1691/68
f 1159/1692/20 1175/1693/20 1161/1694/20
f 1161/1694/250 1179/1695/250 1162/1696/250
f 1166/1697/358 1181/1698/358 1182/1699/358
f 1159/1692/357 1180/1700/357 1176/1701/357
f 1160/1702/98 1182/1699/98 1180/1700/98
f 1165/1703/250 1177/1704/250 1164/1705/250
f 1162/1696/250 1178/1706/250 1165/1703/250
f 1155/1707/66 1169/1708/66 1173/1709/66
f 1151/1710/17 1167/1711/17 1153/1712/17
f 1153/1712/250 1171/1713/250 1154/1714/250
f 1158/1715/360 1173/1716/360 1174/1717/360
f 1151/1710/359 1172/1718/359 1168/1719/359
f 1152/1720/98 1174/1717/98 1172/1718/98
f 1157/1721/250 1169/1722/250 1156/1723/250
f 1154/1714/250 1170/1724/250 1157/1721/250
f 1163/1689/68 1164/2988/68 1177/1690/68
f 1159/1692/20 1176/1701/20 1175/1693/20
f 1161/1694/250 1175/1693/250 1179/1695/250
f 1166/1697/358 1163/2989/358 1181/1698/358
f 1159/1692/357 1160/1702/357 1180/1700/357
f 1160/1702/98 1166/1697/98 1182/1699/98
f 1165/1703/250 1178/1706/250 1177/1704/250
f 1162/1696/250 1179/1695/250 1178/1706/250
f 1155/1707/66 1156/2990/66 1169/1708/66
f 1151/1710/17 1168/1719/17 1167/1711/17
f 1153/1712/250 1167/1711/250 1171/1713/250
f 1158/1715/360 1155/2991/360 1173/1716/360
f 1151/1710/359 1152/1720/359 1172/1718/359
f 1152/1720/98 1158/1715/98 1174/1717/98
f 1157/1721/250 1170/1724/250 1169/1722/250
f 1154/1714/250 1171/1713/250 1170/1724/250
usemtl 
f 1195/1725/63 1209/1726/63 1214/1727/63
f 1191/1728/14 1207/1729/14 1193/1730/14
f 1194/1731/250 1207/1729/250 1211/1732/250
f 1213/1733/361 1195/1734/361 1214/1735/361
f 1208/1736/362 1192/1737/362 1212/1738/362
f 1212/1738/98 1198/1739/98 1213/1733/98
f 1196/1740/250 1210/1741/250 1209/1742/250
f 1197/1743/250 1211/1732/250 1210/1741/250
f 1188/1744/60 1205/1745/60 1187/1746/60
f 1185/1747/12 1200/1748/12 1199/1749/12
f 1203/1750/250 1185/1751/250 1199/1752/250
f 1190/1753/363 1205/1754/363 1206/1755/363
f 1183/1756/364 1204/1757/364 1200/1748/364
f 1184/1758/98 1206/1755/98 1204/1757/98
f 1201/1759/250 1189/1760/250 1202/1761/250
f 1202/1761/250 1186/1762/250 1203/1750/250
f 1195/1725/63 1196/2992/63 1209/1726/63
f 1191/1728/14 1208/1736/14 1207/1729/14
f 1194/1731/250 1193/1730/250 1207/1729/250
f 1213/1733/361 1198/1739/361 1195/1734/361
f 1208/1736/362 1191/1728/362 1192/1737/362
f 1212/1738/98 1192/1737/98 1198/1739/98
f 1196/1740/250 1197/1743/250 1210/1741/250
f 1197/1743/250 1194/1731/250 1211/1732/250
f 1188/1744/60 1201/2993/60 1205/1745/60
f 1185/1747/12 1183/1756/12 1200/1748/12
f 1203/1750/250 1186/1762/250 1185/1751/250
f 1190/1753/363 1187/2994/363 1205/1754/363
f 1183/1756/364 1184/1758/364 1204/1757/364
f 1184/1758/98 1190/1753/98 1206/1755/98
f 1201/1759/250 1188/2995/250 1189/1760/250
f 1202/1761/250 1189/1760/250 1186/1762/250
usemtl 
f 1253/1797/83 1269/1798/83 1265/1799/83
f 1249/1800/37 1263/1801/37 1251/1802/37
f 1264/1803/250 1250/1804/250 1267/1805/250
f 1248/1806/365 1270/1807/365 1269/1808/365
f 1254/1809/366 1263/1801/366 1268/1810/366
f 1247/1811/98 1268/1810/98 1270/1807/98
f 1266/1812/250 1253/1813/250 1265/1814/250
f 1267/1805/250 1252/1815/250 1266/1812/250
f 1257/1816/86 1272/1817/86 1271/1818/86
f 1260/1819/40 1277/1820/40 1259/1821/40
f 1260/1819/250 1274/1822/250 1273/1823/250
f 1272/1824/367 1256/1825/367 1276/1826/367
f 1259/1821/368 1278/1827/368 1262/1828/368
f 1276/1826/98 1262/1828/98 1278/1827/98
f 1258/1829/250 1271/1830/250 1275/1831/250
f 1261/1832/250 1275/1831/250 1274/1822/250
f 1253/1797/83 1248/3002/83 1269/1798/83
f 1249/1800/37 1264/1803/37 1263/1801/37
f 1264/1803/250 1249/1800/250 1250/1804/250
f 1248/1806/365 1247/1811/365 1270/1807/365
f 1254/1809/366 1251/1802/366 1263/1801/366
f 1247/1811/98 1254/1809/98 1268/1810/98
f 1266/1812/250 1252/1815/250 1253/1813/250
f 1267/1805/250 1250/1804/250 1252/1815/250
f 1257/1816/86 1255/3003/86 1272/1817/86
f 1260/1819/40 1273/1823/40 1277/1820/40
f 1260/1819/250 1261/1832/250 1274/1822/250
f 1272/1824/367 1255/3004/367 1256/1825/367
f 1259/1821/368 1277/1820/368 1278/1827/368
f 1276/1826/98 1256/1825/98 1262/1828/98
f 1258/1829/250 1257/3005/250 1271/1830/250
f 1261/1832/250 1258/1829/250 1275/1831/250
usemtl 
f 1279/1833/37 1295/1834/37 1281/1835/37
f 1283/1836/83 1297/1837/83 1301/1838/83
f 1297/1837/250 1285/1839/250 1299/1840/250
f 1279/1841/366 1300/1842/366 1296/1843/366
f 1286/1844/365 1301/1838/365 1302/1845/365
f 1280/1846/98 1302/1845/98 1300/1842/98
f 1298/1847/250 1281/1848/250 1295/1849/250
f 1299/1840/250 1282/1850/250 1298/1847/250
f 1293/1851/40 1310/1852/40 1305/1853/40
f 1291/1854/86 1304/1855/86 1303/1856/86
f 1289/1857/250 1307/1858/250 1304/1855/250
f 1310/1859/368 1287/1860/368 1308/1861/368
f 1309/1862/367 1291/1854/367 1303/1856/367
f 1308/1861/98 1294/1863/98 1309/1862/98
f 1292/1864/250 1305/1865/250 1306/1866/250
f 1290/1867/250 1306/1866/250 1307/1858/250
f 1279/1833/37 1296/3006/37 1295/1834/37
f 1283/1836/83 1284/3007/83 1297/1837/83
f 1297/1837/250 1284/3007/250 1285/1839/250
f 1279/1841/366 1280/1846/366 1300/1842/366
f 1286/1844/365 1283/1836/365 1301/1838/365
f 1280/1846/98 1286/1844/98 1302/1845/98
f 1298/1847/250 1282/1850/250 1281/1848/250
f 1299/1840/250 1285/1839/250 1282/1850/250
f 1293/1851/40 1288/3008/40 1310/1852/40
f 1291/1854/86 1289/1857/86 1304/1855/86
f 1289/1857/250 1290/1867/250 1307/1858/250
f 1310/1859/368 1288/3009/368 1287/1860/368
f 1309/1862/367 1294/1863/367 1291/1854/367
f 1308/1861/98 1287/1860/98 1294/1863/98
f 1292/1864/250 1293/3010/250 1305/1865/250
f 1290/1867/250 1292/1864/250 1306/1866/250
usemtl 
f 1317/1868/42 1334/1869/42 1329/1870/42
f 1315/1871/90 1328/1872/90 1327/1873/90
f 1328/1872/250 1314/1874/250 1331/1875/250
f 1312/1876/369 1332/1877/369 1334/1878/369
f 1318/1879/370 1327/1873/370 1333/1880/370
f 1332/1877/98 1318/1879/98 1333/1880/98
f 1330/1881/250 1317/1882/250 1329/1883/250
f 1314/1874/250 1330/1881/250 1331/1875/250
f 1324/1884/46 1342/1885/46 1337/1886/46
f 1323/1887/93 1336/1888/93 1335/1889/93
f 1336/1888/250 1322/1890/250 1339/1891/250
f 1320/1892/371 1340/1893/371 1342/1894/371
f 1326/1895/372 1335/1889/372 1341/1896/372
f 1319/1897/98 1341/1896/98 1340/1893/98
f 1338/1898/250 1324/1899/250 1337/1900/250
f 1322/1890/250 1338/1898/250 1339/1891/250
f 1317/1868/42 1312/3011/42 1334/1869/42
f 1315/1871/90 1313/3012/90 1328/1872/90
f 1328/1872/250 1313/3012/250 1314/1874/250
f 1312/1876/369 1311/3013/369 1332/1877/369
f 1318/1879/370 1315/1871/370 1327/1873/370
f 1332/1877/98 1311/3013/98 1318/1879/98
f 1330/1881/250 1316/3014/250 1317/1882/250
f 1314/1874/250 1316/3014/250 1330/1881/250
f 1324/1884/46 1320/3015/46 1342/1885/46
f 1323/1887/93 1321/3016/93 1336/1888/93
f 1336/1888/250 1321/3016/250 1322/1890/250
f 1320/1892/371 1319/1897/371 1340/1893/371
f 1326/1895/372 1323/1887/372 1335/1889/372
f 1319/1897/98 1326/1895/98 1341/1896/98
f 1338/1898/250 1325/3017/250 1324/1899/250
f 1322/1890/250 1325/3017/250 1338/1898/250
usemtl 
f 1345/1901/90 1360/1902/90 1359/1903/90
f 1348/1904/42 1365/1905/42 1347/1906/42
f 1361/1907/250 1349/1908/250 1362/1909/250
f 1343/1910/370 1364/1911/370 1360/1912/370
f 1350/1913/369 1365/1905/369 1366/1914/369
f 1344/1915/98 1366/1914/98 1364/1911/98
f 1363/1916/250 1345/1917/250 1359/1918/250
f 1349/1908/250 1363/1916/250 1362/1909/250
f 1353/1919/93 1368/1920/93 1367/1921/93
f 1356/1922/46 1373/1923/46 1355/1924/46
f 1369/1925/250 1357/1926/250 1370/1927/250
f 1351/1928/372 1372/1929/372 1368/1930/372
f 1358/1931/371 1373/1923/371 1374/1932/371
f 1352/1933/98 1374/1932/98 1372/1929/98
f 1371/1934/250 1353/1935/250 1367/1936/250
f 1357/1926/250 1371/1934/250 1370/1927/250
f 1345/1901/90 1343/3018/90 1360/1902/90
f 1348/1904/42 1361/1907/42 1365/1905/42
f 1361/1907/250 1348/1904/250 1349/1908/250
f 1343/1910/370 1344/1915/370 1364/1911/370
f 1350/1913/369 1347/1906/369 1365/1905/369
f 1344/1915/98 1350/1913/98 1366/1914/98
f 1363/1916/250 1346/3019/250 1345/1917/250
f 1349/1908/250 1346/3019/250 1363/1916/250
f 1353/1919/93 1351/3020/93 1368/1920/93
f 1356/1922/46 1369/1925/46 1373/1923/46
f 1369/1925/250 1356/1922/250 1357/1926/250
f 1351/1928/372 1352/1933/372 1372/1929/372
f 1358/1931/371 1355/1924/371 1373/1923/371
f 1352/1933/98 1358/1931/98 1374/1932/98
f 1371/1934/250 1354/3021/250 1353/1935/250
f 1357/1926/250 1354/3021/250 1371/1934/250
usemtl 
f 234/369/119 209/370/120 233/371/121
f 259/372/122 163/373/123 258/374/123
f 261/375/124 162/376/122 259/372/122
f 214/377/125 22/378/126 215/379/126
f 260/380/127 160/381/128 262/382/128
f 263/383/129 159/384/127 260/380/127
f 157/385/130 263/383/129 264/386/130
f 265/387/131 157/385/130 264/386/130
f 230/388/132 185/389/133 217/390/134
f 267/391/135 155/392/136 266/393/136
f 153/394/137 267/391/135 269/395/137
f 220/396/138 42/397/139 221/398/139
f 268/399/140 152/400/141 270/401/141
f 150/402/142 268/399/140 271/403/142
f 46/404/143 243/405/144 229/406/143
f 203/407/145 243/405/144 242/408/146
f 179/409/147 273/410/148 274/411/147
f 240/412/149 202/413/150 241/414/151
f 238/415/152 201/416/153 240/412/149
f 238/415/152 55/417/154 239/418/154
f 244/419/155 176/420/156 246/421/156
f 174/422/157 244/419/155 247/423/157
f 59/424/158 225/425/159 236/426/158
f 194/427/160 225/425/159 226/428/161
f 172/429/162 250/430/163 171/431/163
f 228/432/164 195/433/165 227/434/166
f 222/435/167 196/436/168 228/432/164
f 222/435/167 69/437/169 223/438/169
f 254/439/170 168/440/171 253/441/171
f 166/442/172 254/439/170 255/443/173
f 165/444/174 255/443/173 256/445/174
f 164/446/175 256/445/174 257/447/175
f 181/448/176 215/379/126 213/449/177
f 261/375/178 183/450/179 262/382/180
f 187/451/181 221/398/139 219/452/182
f 269/395/183 189/453/184 270/401/185
f 192/454/186 223/438/169 224/455/187
f 252/456/188 191/457/189 253/441/190
f 198/458/191 239/418/154 237/459/192
f 245/460/193 200/461/194 246/421/195
f 206/462/196 218/463/197 186/464/198
f 218/463/197 40/465/138 220/396/138
f 231/466/199 71/467/187 73/468/199
f 232/469/200 73/468/199 75/470/200
f 232/469/200 5/471/121 233/371/121
f 229/406/143 44/472/182 46/404/143
f 205/473/201 272/474/202 271/403/203
f 204/475/204 273/410/205 272/474/202
f 242/408/146 51/476/151 241/414/151
f 201/416/153 274/411/206 202/413/150
f 201/416/153 245/460/193 275/477/207
f 210/478/208 257/447/209 209/370/120
f 234/369/119 14/479/210 235/480/210
f 235/480/210 20/481/125 214/377/125
f 236/426/158 57/482/192 59/424/158
f 197/483/211 248/484/212 247/423/213
f 193/485/214 249/486/215 248/484/212
f 212/487/216 26/488/177 28/489/216
f 226/428/161 64/490/166 227/434/166
f 216/491/217 28/489/216 30/492/217
f 196/436/168 250/430/218 195/433/165
f 217/390/134 30/492/217 34/493/134
f 190/494/219 251/495/220 196/436/168
f 206/462/196 265/387/221 185/389/133
f 230/388/132 39/496/197 218/463/197
f 185/389/133 216/491/217 217/390/134
f 184/497/222 212/487/216 216/491/217
f 194/427/160 227/434/166 195/433/165
f 180/498/223 213/449/177 212/487/216
f 211/499/224 214/377/125 182/500/225
f 210/478/208 235/480/210 211/499/224
f 205/473/201 219/452/182 229/406/143
f 209/370/120 232/469/200 233/371/121
f 208/501/226 231/466/199 232/469/200
f 207/502/227 224/455/187 231/466/199
f 186/464/198 220/396/138 188/503/228
f 224/455/187 69/437/169 71/467/187
f 219/452/182 42/397/139 44/472/182
f 213/449/177 22/378/126 26/488/177
f 190/494/219 223/438/169 191/457/189
f 68/504/167 228/432/164 66/505/164
f 66/505/164 227/434/166 64/490/166
f 226/428/161 61/506/159 62/507/161
f 188/503/228 221/398/139 189/453/184
f 37/508/132 217/390/134 34/493/134
f 182/500/225 215/379/126 183/450/179
f 8/509/119 233/371/121 5/471/121
f 198/458/191 236/426/158 197/483/211
f 203/407/145 241/414/151 202/413/150
f 237/459/192 55/417/154 57/482/192
f 199/510/229 239/418/154 200/461/194
f 54/511/152 240/412/149 52/512/149
f 52/512/149 241/414/151 51/476/151
f 242/408/146 47/513/144 49/514/146
f 245/460/230 176/420/156 177/515/230
f 236/426/158 193/485/214 197/483/211
f 229/406/143 204/475/204 205/473/201
f 244/419/231 200/461/194 198/458/191
f 252/456/232 168/440/171 169/516/233
f 254/439/234 191/457/189 192/454/186
f 261/375/124 160/381/128 161/517/124
f 260/380/235 183/450/179 181/448/176
f 269/395/137 152/400/141 153/394/137
f 268/399/236 189/453/184 187/451/181
f 149/518/237 271/403/142 272/474/237
f 269/395/183 186/464/198 188/503/228
f 148/519/148 272/474/237 273/410/148
f 255/443/238 192/454/186 207/502/227
f 256/445/239 207/502/227 208/501/226
f 275/477/240 179/409/147 274/411/147
f 257/447/209 208/501/226 209/370/120
f 268/399/236 205/473/201 271/403/203
f 177/515/230 275/477/240 245/460/230
f 258/374/123 164/446/175 257/447/175
f 273/410/205 202/413/150 274/411/206
f 173/520/241 247/423/157 248/484/241
f 258/374/242 211/499/224 259/372/243
f 249/486/162 173/520/241 248/484/241
f 261/375/178 211/499/224 182/500/225
f 244/419/231 197/483/211 247/423/213
f 260/380/235 180/498/223 263/383/244
f 170/521/245 250/430/163 251/495/246
f 249/486/215 195/433/165 250/430/218
f 264/386/247 180/498/223 184/497/222
f 265/387/221 184/497/222 185/389/133
f 252/456/232 170/521/245 251/495/246
f 156/522/131 266/393/136 155/392/136
f 266/393/248 186/464/198 267/391/249
f 353/534/98 430/535/98 413/536/98
f 349/540/98 432/541/98 411/542/98
f 356/543/98 424/544/98 369/545/98
f 360/558/98 431/559/98 418/560/98
f 345/564/98 439/565/98 371/566/98
f 343/580/98 416/581/98 357/582/98
f 346/598/98 419/599/98 362/600/98
f 364/608/98 426/609/98 420/610/98
f 340/615/98 426/609/98 341/616/98
f 354/621/250 425/622/250 414/623/250
f 342/640/98 427/641/98 343/580/98
f 359/651/98 434/652/98 417/653/98
f 345/564/98 408/664/98 428/665/98
f 371/566/98 412/669/98 351/670/98
f 409/681/250 429/682/250 346/683/250
f 368/684/98 437/685/98 423/686/98
f 347/694/98 430/535/98 348/695/98
f 367/700/98 436/701/98 422/702/98
f 350/709/98 411/542/98 431/559/98
f 354/713/98 438/714/98 425/715/98
f 351/670/98 432/541/98 352/740/98
f 361/741/82 366/742/80 764/743/83
f 26/488/80 760/744/83 763/745/105
f 59/424/30 859/746/34 857/747/276
f 370/748/33 354/713/30 861/749/34
f 51/476/44 465/750/48 464/751/277
f 363/752/47 367/700/44 466/753/48
f 480/754/4 477/755/4 465/750/4
f 68/504/13 827/756/17 825/757/17
f 365/758/16 368/684/13 829/759/17
f 371/566/5 351/670/1 536/760/6
f 75/470/1 532/761/6 535/762/278
f 358/763/69 359/651/65 926/764/68
f 39/496/65 920/765/68 923/766/279
f 64/490/19 939/767/23 937/768/114
f 341/616/113 364/608/19 941/769/23
f 47/513/50 551/770/280 549/771/281
f 346/598/53 362/600/50 553/772/55
f 343/580/74 357/582/71 972/773/75
f 34/493/71 968/774/75 971/775/75
f 345/564/8 371/566/5 648/776/9
f 73/468/5 644/777/9 647/778/10
f 350/709/87 360/558/85 600/779/90
f 20/481/85 596/780/90 599/781/282
f 55/417/36 731/782/40 729/783/283
f 356/543/39 369/545/36 733/784/40
f 352/740/4 349/540/92 453/785/97
f 8/509/92 449/786/95 452/787/97
f 44/472/56 670/788/60 668/789/284
f 348/695/59 353/534/56 672/790/60
f 57/482/33 747/791/37 745/792/117
f 369/545/36 370/748/33 749/793/37
f 69/437/11 779/794/14 777/795/285
f 368/684/13 344/796/11 781/797/14
f 52/512/41 567/798/46 565/799/286
f 367/700/44 355/800/41 569/801/46
f 366/742/80 342/640/78 844/802/81
f 28/489/78 840/803/81 843/804/81
f 66/505/16 907/805/20 906/806/287
f 364/608/19 365/758/16 909/807/20
f 49/514/47 503/808/51 501/809/288
f 362/600/50 363/752/47 505/810/51
f 360/558/85 361/741/82 716/811/86
f 22/378/82 712/812/289 715/813/290
f 359/651/65 347/694/62 812/814/66
f 40/465/62 808/815/66 811/816/67
f 357/582/71 358/763/69 988/817/72
f 37/508/69 984/818/72 987/819/291
f 54/511/39 615/820/42 613/821/292
f 355/800/41 356/543/39 617/822/42
f 61/506/25 875/823/31 873/824/116
f 354/713/30 340/615/25 877/825/31
f 46/404/53 631/826/57 629/827/293
f 353/534/56 346/598/53 633/828/57
f 351/670/1 352/740/4 520/829/2
f 5/471/4 516/830/2 519/831/110
f 349/540/92 350/709/87 584/832/93
f 14/479/87 580/833/294 583/834/295
f 347/694/62 348/695/59 796/835/63
f 42/397/59 792/836/64 795/837/296
f 344/796/11 345/564/8 656/838/271
f 71/467/8 689/839/297 688/840/298
f 342/640/78 343/580/74 892/841/77
f 30/492/74 888/842/77 891/843/268
f 62/507/113 955/844/29 953/845/29
f 340/615/25 341/616/113 957/846/29
f 406/847/299 398/848/113 426/609/113
f 407/849/78 375/850/74 427/641/74
f 408/664/11 399/851/8 428/665/8
f 409/852/5 403/680/5 429/853/5
f 410/854/62 377/855/59 430/535/59
f 411/542/92 388/856/87 431/559/87
f 412/669/1 386/857/4 432/541/4
f 413/536/300 379/858/301 409/859/301
f 414/860/302 397/861/299 406/847/299
f 415/862/41 381/863/39 433/864/39
f 416/581/71 391/865/69 434/652/69
f 417/653/65 376/866/62 410/854/62
f 418/560/85 372/867/82 435/868/82
f 419/599/303 393/869/47 436/701/47
f 420/610/19 383/870/16 437/685/16
f 421/871/80 374/872/78 407/849/78
f 422/702/44 380/873/41 415/862/41
f 423/686/13 385/874/11 408/664/11
f 424/544/36 395/875/304 438/714/304
f 430/535/59 378/876/300 413/536/300
f 432/541/4 387/877/92 411/542/92
f 433/864/39 402/878/36 424/544/36
f 431/559/87 389/879/85 418/560/85
f 428/665/8 405/880/5 439/565/5
f 427/641/74 390/881/71 416/581/71
f 429/882/305 404/883/303 419/599/303
f 426/609/113 382/884/19 420/610/19
f 425/885/78 401/662/78 414/886/78
f 434/652/69 392/887/65 417/653/65
f 439/565/5 400/888/1 412/669/1
f 437/685/16 384/889/13 423/686/13
f 436/701/47 394/890/44 422/702/44
f 438/714/304 396/891/306 425/715/306
f 435/868/82 373/892/80 421/871/80
f 370/748/98 424/544/98 438/714/98
f 368/684/98 408/664/98 344/796/98
f 355/800/98 422/702/98 415/862/98
f 366/742/98 407/849/98 342/640/98
f 365/758/98 420/610/98 437/685/98
f 362/600/98 436/701/98 363/752/98
f 360/558/98 435/868/98 361/741/98
f 347/694/98 417/653/98 410/854/98
f 358/763/98 416/581/98 434/652/98
f 356/543/98 415/862/98 433/864/98
f 354/713/98 406/847/98 340/615/98
f 346/598/98 413/536/98 409/859/98
f 366/742/98 435/868/98 421/871/98
f 491/974/29 504/975/29 499/976/29
f 497/977/75 503/978/75 502/979/75
f 493/980/250 501/981/250 503/978/250
f 504/982/309 496/983/309 505/984/309
f 506/985/310 497/977/310 502/979/310
f 505/984/98 498/986/98 506/985/98
f 495/987/250 499/988/250 500/989/250
f 494/990/250 500/989/250 501/981/250
f 507/991/29 515/992/29 512/993/29
f 511/994/75 522/995/75 517/996/75
f 510/997/250 517/996/250 518/998/250
f 521/999/309 512/1000/309 515/1001/309
f 522/995/310 514/1002/310 520/1003/310
f 520/1003/98 513/1004/98 521/999/98
f 507/1005/250 519/1006/250 516/1007/250
f 508/1008/250 518/998/250 519/1006/250
f 571/1061/20 579/1062/20 576/1063/20
f 575/1064/68 586/1065/68 581/1066/68
f 582/1067/250 575/1064/250 581/1066/250
f 577/1068/313 579/1069/313 585/1070/313
f 573/1071/314 584/1072/314 586/1065/314
f 578/1073/98 585/1070/98 584/1072/98
f 580/1074/250 572/1075/250 583/1076/250
f 583/1076/250 574/1077/250 582/1067/250
f 604/1096/17 616/1097/17 611/1098/17
f 609/1099/66 615/1100/66 614/1101/66
f 615/1100/250 606/1102/250 613/1103/250
f 603/1104/315 617/1105/316 616/1106/316
f 610/1107/317 614/1101/317 618/1108/317
f 608/1109/98 618/1108/98 617/1105/98
f 604/1110/250 612/1111/250 607/1112/250
f 606/1102/250 612/1111/250 613/1103/250
f 620/1113/34 632/1114/34 627/1115/34
f 625/1116/81 631/1117/81 630/1118/81
f 621/1119/250 629/1120/250 631/1117/250
f 619/1121/319 633/1122/320 632/1123/320
f 634/1124/321 625/1116/322 630/1118/321
f 633/1122/98 626/1125/98 634/1124/98
f 623/1126/250 627/1127/250 628/1128/250
f 622/1129/250 628/1128/250 629/1120/250
f 659/1183/37 671/1184/37 666/1185/37
f 664/1186/83 670/1187/83 669/1188/83
f 660/1189/250 668/1190/250 670/1187/250
f 671/1191/325 663/1192/325 672/1193/325
f 673/1194/323 664/1186/323 669/1188/323
f 672/1193/98 665/1195/98 673/1194/98
f 662/1196/250 666/1197/250 667/1198/250
f 661/1199/250 667/1198/250 668/1190/250
f 1225/1763/14 1239/1764/14 1227/1765/14
f 1229/1766/63 1246/1767/63 1241/1768/63
f 1228/1769/250 1241/1768/250 1242/1770/250
f 1227/1771/362 1245/1772/362 1230/1773/362
f 1246/1767/361 1223/1774/361 1244/1775/361
f 1244/1775/98 1230/1773/98 1245/1772/98
f 1225/1776/250 1243/1777/250 1240/1778/250
f 1226/1779/250 1242/1770/250 1243/1777/250
f 1219/1780/12 1232/1781/12 1231/1782/12
f 1216/1783/60 1233/1784/60 1221/1785/60
f 1234/1786/250 1221/1785/250 1233/1784/250
f 1222/1787/364 1231/1788/364 1236/1789/364
f 1216/1783/363 1238/1790/363 1237/1791/363
f 1215/1792/98 1236/1789/98 1238/1790/98
f 1232/1793/250 1218/1794/250 1235/1795/250
f 1235/1795/250 1220/1796/250 1234/1786/250
f 234/369/119 210/478/208 209/370/120
f 259/372/122 162/376/122 163/373/123
f 261/375/124 161/517/124 162/376/122
f 214/377/125 20/481/125 22/378/126
f 260/380/127 159/384/127 160/381/128
f 263/383/129 158/2491/129 159/384/127
f 157/385/130 158/2491/129 263/383/129
f 265/387/131 156/522/131 157/385/130
f 230/388/132 206/462/196 185/389/133
f 267/391/135 154/2492/135 155/392/136
f 153/394/137 154/2492/135 267/391/135
f 220/396/138 40/465/138 42/397/139
f 268/399/140 151/2493/140 152/400/141
f 150/402/142 151/2493/140 268/399/140
f 46/404/143 47/513/144 243/405/144
f 203/407/145 204/475/204 243/405/144
f 179/409/147 148/519/148 273/410/148
f 240/412/149 201/416/153 202/413/150
f 238/415/152 199/510/229 201/416/153
f 238/415/152 54/511/152 55/417/154
f 244/419/155 175/2494/155 176/420/156
f 174/422/157 175/2494/155 244/419/155
f 59/424/158 61/506/159 225/425/159
f 194/427/160 193/485/214 225/425/159
f 172/429/162 249/486/162 250/430/163
f 228/432/164 196/436/168 195/433/165
f 222/435/167 190/494/219 196/436/168
f 222/435/167 68/504/167 69/437/169
f 254/439/170 167/2495/441 168/440/171
f 166/442/172 167/2495/441 254/439/170
f 165/444/174 166/442/172 255/443/173
f 164/446/175 165/444/174 256/445/174
f 181/448/176 183/450/179 215/379/126
f 261/375/178 182/500/225 183/450/179
f 187/451/181 189/453/184 221/398/139
f 269/395/183 188/503/228 189/453/184
f 192/454/186 191/457/189 223/438/169
f 252/456/188 190/494/219 191/457/189
f 198/458/191 200/461/194 239/418/154
f 245/460/193 199/510/229 200/461/194
f 206/462/196 230/388/132 218/463/197
f 218/463/197 39/496/197 40/465/138
f 231/466/199 224/455/187 71/467/187
f 232/469/200 231/466/199 73/468/199
f 232/469/200 75/470/200 5/471/121
f 229/406/143 219/452/182 44/472/182
f 205/473/201 204/475/204 272/474/202
f 204/475/204 203/407/145 273/410/205
f 242/408/146 49/514/146 51/476/151
f 201/416/153 275/477/207 274/411/206
f 201/416/153 199/510/229 245/460/193
f 210/478/208 258/374/242 257/447/209
f 234/369/119 8/509/119 14/479/210
f 235/480/210 14/479/210 20/481/125
f 236/426/158 237/459/192 57/482/192
f 197/483/211 193/485/214 248/484/212
f 193/485/214 194/427/160 249/486/215
f 212/487/216 213/449/177 26/488/177
f 226/428/161 62/507/161 64/490/166
f 216/491/217 212/487/216 28/489/216
f 196/436/168 251/495/220 250/430/218
f 217/390/134 216/491/217 30/492/217
f 190/494/219 252/456/188 251/495/220
f 206/462/196 266/393/248 265/387/221
f 230/388/132 37/508/132 39/496/197
f 185/389/133 184/497/222 216/491/217
f 184/497/222 180/498/223 212/487/216
f 194/427/160 226/428/161 227/434/166
f 180/498/223 181/448/176 213/449/177
f 211/499/224 235/480/210 214/377/125
f 210/478/208 234/369/119 235/480/210
f 205/473/201 187/451/181 219/452/182
f 209/370/120 208/501/226 232/469/200
f 208/501/226 207/502/227 231/466/199
f 207/502/227 192/454/186 224/455/187
f 186/464/198 218/463/197 220/396/138
f 224/455/187 223/438/169 69/437/169
f 219/452/182 221/398/139 42/397/139
f 213/449/177 215/379/126 22/378/126
f 190/494/219 222/435/167 223/438/169
f 68/504/167 222/435/167 228/432/164
f 66/505/164 228/432/164 227/434/166
f 226/428/161 225/425/159 61/506/159
f 188/503/228 220/396/138 221/398/139
f 37/508/132 230/388/132 217/390/134
f 182/500/225 214/377/125 215/379/126
f 8/509/119 234/369/119 233/371/121
f 198/458/191 237/459/192 236/426/158
f 203/407/145 242/408/146 241/414/151
f 237/459/192 239/418/154 55/417/154
f 199/510/229 238/415/152 239/418/154
f 54/511/152 238/415/152 240/412/149
f 52/512/149 240/412/149 241/414/151
f 242/408/146 243/405/144 47/513/144
f 245/460/230 246/421/156 176/420/156
f 236/426/158 225/425/159 193/485/214
f 229/406/143 243/405/144 204/475/204
f 244/419/231 246/421/195 200/461/194
f 252/456/232 253/441/171 168/440/171
f 254/439/234 253/441/190 191/457/189
f 261/375/124 262/382/128 160/381/128
f 260/380/235 262/382/180 183/450/179
f 269/395/137 270/401/141 152/400/141
f 268/399/236 270/401/185 189/453/184
f 149/518/237 150/402/142 271/403/142
f 269/395/183 267/391/249 186/464/198
f 148/519/148 149/518/237 272/474/237
f 255/443/238 254/439/234 192/454/186
f 256/445/239 255/443/238 207/502/227
f 275/477/240 178/2496/240 179/409/147
f 257/447/209 256/445/239 208/501/226
f 268/399/236 187/451/181 205/473/201
f 177/515/230 178/2496/240 275/477/240
f 258/374/123 163/373/123 164/446/175
f 273/410/205 203/407/145 202/413/150
f 173/520/241 174/422/157 247/423/157
f 258/374/242 210/478/208 211/499/224
f 249/486/162 172/429/162 173/520/241
f 261/375/178 259/372/243 211/499/224
f 244/419/231 198/458/191 197/483/211
f 260/380/235 181/448/176 180/498/223
f 170/521/245 171/431/163 250/430/163
f 249/486/215 194/427/160 195/433/165
f 264/386/247 263/383/244 180/498/223
f 265/387/221 264/386/247 184/497/222
f 252/456/232 169/516/233 170/521/245
f 156/522/131 265/387/131 266/393/136
f 266/393/248 206/462/196 186/464/198
f 353/534/98 348/695/98 430/535/98
f 349/540/98 352/740/98 432/541/98
f 356/543/98 433/864/98 424/544/98
f 360/558/98 350/709/98 431/559/98
f 345/564/98 428/665/98 439/565/98
f 343/580/98 427/641/98 416/581/98
f 346/598/98 429/882/98 419/599/98
f 364/608/98 341/616/98 426/609/98
f 340/615/98 406/847/98 426/609/98
f 342/640/98 407/849/98 427/641/98
f 359/651/98 358/763/98 434/652/98
f 345/564/98 344/796/98 408/664/98
f 371/566/98 439/565/98 412/669/98
f 368/684/98 365/758/98 437/685/98
f 347/694/98 410/854/98 430/535/98
f 367/700/98 363/752/98 436/701/98
f 350/709/98 349/540/98 411/542/98
f 354/713/98 370/748/98 438/714/98
f 351/670/98 412/669/98 432/541/98
f 759/2682/83 760/744/83 22/378/82
f 366/742/80 26/488/80 761/2683/83
f 366/742/80 761/2683/83 766/2684/83
f 759/2682/83 22/378/82 361/741/82
f 765/2685/83 759/2682/83 361/741/82
f 366/742/80 766/2684/83 764/743/83
f 764/743/83 765/2685/83 361/741/82
f 762/2686/458 761/2683/83 26/488/80
f 26/488/80 22/378/82 760/744/83
f 763/745/105 762/2686/458 26/488/80
f 856/2687/276 855/2688/34 59/424/30
f 59/424/30 57/482/33 859/746/34
f 857/747/276 856/2687/276 59/424/30
f 858/2689/34 859/746/34 57/482/33
f 354/713/30 59/424/30 855/2688/34
f 354/713/30 855/2688/34 860/2690/34
f 858/2689/34 57/482/33 370/748/33
f 862/2691/34 858/2689/34 370/748/33
f 354/713/30 860/2690/34 861/749/34
f 861/749/34 862/2691/34 370/748/33
f 463/2692/48 462/2693/459 51/476/44
f 51/476/44 49/514/47 465/750/48
f 464/751/277 463/2692/48 51/476/44
f 480/754/48 465/750/48 49/514/47
f 51/476/44 462/2693/459 478/2694/460
f 51/476/44 478/2694/460 479/2695/48
f 480/754/48 49/514/47 363/752/47
f 481/2696/48 480/754/48 363/752/47
f 367/700/44 51/476/44 479/2695/48
f 367/700/44 479/2695/48 482/2697/461
f 467/2698/48 481/2696/48 363/752/47
f 367/700/44 482/2697/461 466/753/48
f 466/753/48 467/2698/48 363/752/47
f 824/2699/17 823/2700/17 68/504/13
f 68/504/13 66/505/16 827/756/17
f 825/757/17 824/2699/17 68/504/13
f 826/2701/17 827/756/17 66/505/16
f 368/684/13 68/504/13 823/2700/17
f 368/684/13 823/2700/17 828/2702/17
f 826/2701/17 66/505/16 365/758/16
f 830/2703/17 826/2701/17 365/758/16
f 368/684/13 828/2702/17 829/759/17
f 829/759/17 830/2703/17 365/758/16
f 531/2704/6 532/761/6 73/468/5
f 351/670/1 75/470/1 533/2705/6
f 351/670/1 533/2705/6 538/2706/6
f 531/2704/6 73/468/5 371/566/5
f 537/2707/6 531/2704/6 371/566/5
f 351/670/1 538/2706/6 536/760/6
f 536/760/6 537/2707/6 371/566/5
f 534/2708/6 533/2705/6 75/470/1
f 75/470/1 73/468/5 532/761/6
f 535/762/278 534/2708/6 75/470/1
f 919/2709/68 920/765/68 37/508/69
f 359/651/65 39/496/65 921/2710/68
f 359/651/65 921/2710/68 925/2711/68
f 919/2709/68 37/508/69 358/763/69
f 924/2712/68 919/2709/68 358/763/69
f 359/651/65 925/2711/68 926/764/68
f 926/764/68 924/2712/68 358/763/69
f 922/2713/68 921/2710/68 39/496/65
f 39/496/65 37/508/69 920/765/68
f 923/766/279 922/2713/68 39/496/65
f 936/2714/23 935/2715/23 64/490/19
f 64/490/19 62/507/113 939/767/23
f 937/768/114 936/2714/23 64/490/19
f 938/2716/23 939/767/23 62/507/113
f 364/608/19 64/490/19 935/2715/23
f 364/608/19 935/2715/23 940/2717/23
f 938/2716/23 62/507/113 341/616/113
f 942/2718/23 938/2716/23 341/616/113
f 364/608/19 940/2717/23 941/769/23
f 941/769/23 942/2718/23 341/616/113
f 548/2719/281 547/2720/55 47/513/50
f 47/513/50 46/404/53 551/770/280
f 549/771/281 548/2719/281 47/513/50
f 550/2721/55 551/770/280 46/404/53
f 362/600/50 47/513/50 547/2720/55
f 362/600/50 547/2720/55 552/2722/55
f 550/2721/55 46/404/53 346/598/53
f 554/2723/55 550/2721/55 346/598/53
f 362/600/50 552/2722/55 553/772/55
f 553/772/55 554/2723/55 346/598/53
f 967/2724/75 968/774/75 30/492/74
f 357/582/71 34/493/71 969/2725/75
f 357/582/71 969/2725/75 974/2726/75
f 967/2724/75 30/492/74 343/580/74
f 973/2727/75 967/2724/75 343/580/74
f 357/582/71 974/2726/75 972/773/75
f 972/773/75 973/2727/75 343/580/74
f 970/2728/75 969/2725/75 34/493/71
f 34/493/71 30/492/74 968/774/75
f 971/775/75 970/2728/75 34/493/71
f 643/2729/9 644/777/9 71/467/8
f 371/566/5 73/468/5 645/2730/9
f 371/566/5 645/2730/9 650/2731/9
f 643/2729/9 71/467/8 345/564/8
f 649/2732/9 643/2729/9 345/564/8
f 371/566/5 650/2731/9 648/776/9
f 648/776/9 649/2732/9 345/564/8
f 646/2733/407 645/2730/9 73/468/5
f 73/468/5 71/467/8 644/777/9
f 647/778/10 646/2733/407 73/468/5
f 595/2734/90 596/780/90 14/479/87
f 360/558/85 20/481/85 597/2735/90
f 360/558/85 597/2735/90 602/2736/90
f 595/2734/90 14/479/87 350/709/87
f 601/2737/90 595/2734/90 350/709/87
f 360/558/85 602/2736/90 600/779/90
f 600/779/90 601/2737/90 350/709/87
f 598/2738/456 597/2735/90 20/481/85
f 20/481/85 14/479/87 596/780/90
f 599/781/282 598/2738/456 20/481/85
f 728/2739/462 727/2740/40 55/417/36
f 55/417/36 54/511/39 731/782/40
f 729/783/283 728/2739/462 55/417/36
f 730/2741/40 731/782/40 54/511/39
f 369/545/36 55/417/36 727/2740/40
f 369/545/36 727/2740/40 732/2742/40
f 730/2741/40 54/511/39 356/543/39
f 734/2743/40 730/2741/40 356/543/39
f 369/545/36 732/2742/40 733/784/40
f 733/784/40 734/2743/40 356/543/39
f 448/2744/97 449/786/95 5/471/4
f 349/540/92 8/509/92 450/2745/97
f 349/540/92 450/2745/97 455/2746/97
f 448/2744/97 5/471/4 352/740/4
f 454/2747/97 448/2744/97 352/740/4
f 349/540/92 455/2746/97 453/785/97
f 453/785/97 454/2747/97 352/740/4
f 451/2748/463 450/2745/97 8/509/92
f 8/509/92 5/471/4 449/786/95
f 452/787/97 451/2748/463 8/509/92
f 667/2749/464 666/2750/60 44/472/56
f 44/472/56 42/397/59 670/788/60
f 668/789/284 667/2749/464 44/472/56
f 669/2751/60 670/788/60 42/397/59
f 353/534/56 44/472/56 666/2750/60
f 353/534/56 666/2750/60 671/2752/60
f 669/2751/60 42/397/59 348/695/59
f 673/2753/429 669/2751/60 348/695/59
f 353/534/56 671/2752/60 672/790/60
f 672/790/60 673/2753/429 348/695/59
f 744/2754/465 743/2755/37 57/482/33
f 57/482/33 55/417/36 747/791/37
f 745/792/117 744/2754/465 57/482/33
f 746/2756/37 747/791/37 55/417/36
f 370/748/33 57/482/33 743/2755/37
f 370/748/33 743/2755/37 748/2757/37
f 746/2756/37 55/417/36 369/545/36
f 750/2758/37 746/2756/37 369/545/36
f 370/748/33 748/2757/37 749/793/37
f 749/793/37 750/2758/37 369/545/36
f 776/2759/466 775/2760/14 69/437/11
f 69/437/11 68/504/13 779/794/14
f 777/795/285 776/2759/466 69/437/11
f 778/2761/14 779/794/14 68/504/13
f 344/796/11 69/437/11 775/2760/14
f 344/796/11 775/2760/14 780/2762/14
f 778/2761/14 68/504/13 368/684/13
f 782/2763/14 778/2761/14 368/684/13
f 344/796/11 780/2762/14 781/797/14
f 781/797/14 782/2763/14 368/684/13
f 564/2764/45 563/2765/454 52/512/41
f 52/512/41 51/476/44 567/798/46
f 565/799/286 564/2764/45 52/512/41
f 566/2766/46 567/798/46 51/476/44
f 355/800/41 52/512/41 563/2765/454
f 355/800/41 563/2765/454 568/2767/46
f 566/2766/46 51/476/44 367/700/44
f 570/2768/46 566/2766/46 367/700/44
f 355/800/41 568/2767/46 569/801/46
f 569/801/46 570/2768/46 367/700/44
f 839/2769/81 840/803/81 26/488/80
f 342/640/78 28/489/78 841/2770/81
f 342/640/78 841/2770/81 846/2771/81
f 839/2769/81 26/488/80 366/742/80
f 845/2772/81 839/2769/81 366/742/80
f 342/640/78 846/2771/81 844/802/81
f 844/802/81 845/2772/81 366/742/80
f 842/2773/104 841/2770/81 28/489/78
f 28/489/78 26/488/80 840/803/81
f 843/804/81 842/2773/104 28/489/78
f 904/2774/20 903/2775/20 66/505/16
f 66/505/16 64/490/19 907/805/20
f 906/806/287 904/2774/20 66/505/16
f 905/2776/20 907/805/20 64/490/19
f 365/758/16 66/505/16 903/2775/20
f 365/758/16 903/2775/20 908/2777/20
f 905/2776/20 64/490/19 364/608/19
f 910/2778/20 905/2776/20 364/608/19
f 365/758/16 908/2777/20 909/807/20
f 909/807/20 910/2778/20 364/608/19
f 500/2779/99 499/2780/51 49/514/47
f 49/514/47 47/513/50 503/808/51
f 501/809/288 500/2779/99 49/514/47
f 502/2781/51 503/808/51 47/513/50
f 363/752/47 49/514/47 499/2780/51
f 363/752/47 499/2780/51 504/2782/51
f 502/2781/51 47/513/50 362/600/50
f 506/2783/51 502/2781/51 362/600/50
f 363/752/47 504/2782/51 505/810/51
f 505/810/51 506/2783/51 362/600/50
f 711/2784/86 712/812/289 20/481/85
f 361/741/82 22/378/82 713/2785/86
f 361/741/82 713/2785/86 718/2786/86
f 711/2784/86 20/481/85 360/558/85
f 717/2787/86 711/2784/86 360/558/85
f 361/741/82 718/2786/86 716/811/86
f 716/811/86 717/2787/86 360/558/85
f 714/2788/467 713/2785/86 22/378/82
f 22/378/82 20/481/85 712/812/289
f 715/813/290 714/2788/467 22/378/82
f 807/2789/66 808/815/66 39/496/65
f 347/694/62 40/465/62 809/2790/66
f 347/694/62 809/2790/66 814/2791/66
f 807/2789/66 39/496/65 359/651/65
f 813/2792/66 807/2789/66 359/651/65
f 347/694/62 814/2791/66 812/814/66
f 812/814/66 813/2792/66 359/651/65
f 810/2793/66 809/2790/66 40/465/62
f 40/465/62 39/496/65 808/815/66
f 811/816/67 810/2793/66 40/465/62
f 983/2794/72 984/818/72 34/493/71
f 358/763/69 37/508/69 985/2795/72
f 358/763/69 985/2795/72 990/2796/72
f 983/2794/72 34/493/71 357/582/71
f 989/2797/72 983/2794/72 357/582/71
f 358/763/69 990/2796/72 988/817/72
f 988/817/72 989/2797/72 357/582/71
f 986/2798/72 985/2795/72 37/508/69
f 37/508/69 34/493/71 984/818/72
f 987/819/291 986/2798/72 37/508/69
f 612/2799/439 611/2800/42 54/511/39
f 54/511/39 52/512/41 615/820/42
f 613/821/292 612/2799/439 54/511/39
f 614/2801/42 615/820/42 52/512/41
f 356/543/39 54/511/39 611/2800/42
f 356/543/39 611/2800/42 616/2802/42
f 614/2801/42 52/512/41 355/800/41
f 618/2803/42 614/2801/42 355/800/41
f 356/543/39 616/2802/42 617/822/42
f 617/822/42 618/2803/42 355/800/41
f 872/2804/116 871/2805/31 61/506/25
f 61/506/25 59/424/30 875/823/31
f 873/824/116 872/2804/116 61/506/25
f 874/2806/31 875/823/31 59/424/30
f 340/615/25 61/506/25 871/2805/31
f 340/615/25 871/2805/31 876/2807/31
f 874/2806/31 59/424/30 354/713/30
f 878/2808/31 874/2806/31 354/713/30
f 340/615/25 876/2807/31 877/825/31
f 877/825/31 878/2808/31 354/713/30
f 628/2809/57 627/2810/57 46/404/53
f 46/404/53 44/472/56 631/826/57
f 629/827/293 628/2809/57 46/404/53
f 630/2811/57 631/826/57 44/472/56
f 346/598/53 46/404/53 627/2810/57
f 346/598/53 627/2810/57 632/2812/57
f 630/2811/57 44/472/56 353/534/56
f 634/2813/57 630/2811/57 353/534/56
f 346/598/53 632/2812/57 633/828/57
f 633/828/57 634/2813/57 353/534/56
f 515/2814/2 516/830/2 75/470/1
f 352/740/4 5/471/4 517/2815/468
f 352/740/4 517/2815/468 522/2816/2
f 515/2814/2 75/470/1 351/670/1
f 521/2817/2 515/2814/2 351/670/1
f 352/740/4 522/2816/2 520/829/2
f 520/829/2 521/2817/2 351/670/1
f 518/2818/91 517/2815/468 5/471/4
f 5/471/4 75/470/1 516/830/2
f 519/831/110 518/2818/91 5/471/4
f 579/2819/93 580/833/294 8/509/92
f 350/709/87 14/479/87 581/2820/294
f 350/709/87 581/2820/294 586/2821/93
f 579/2819/93 8/509/92 349/540/92
f 585/2822/93 579/2819/93 349/540/92
f 350/709/87 586/2821/93 584/832/93
f 584/832/93 585/2822/93 349/540/92
f 582/2823/294 581/2820/294 14/479/87
f 14/479/87 8/509/92 580/833/294
f 583/834/295 582/2823/294 14/479/87
f 791/2824/63 792/836/64 40/465/62
f 348/695/59 42/397/59 793/2825/63
f 348/695/59 793/2825/63 798/2826/63
f 791/2824/63 40/465/62 347/694/62
f 797/2827/63 791/2824/63 347/694/62
f 348/695/59 798/2826/63 796/835/63
f 796/835/63 797/2827/63 347/694/62
f 794/2828/469 793/2825/63 42/397/59
f 42/397/59 40/465/62 792/836/64
f 795/837/296 794/2828/469 42/397/59
f 682/2829/470 651/2830/12 69/437/11
f 345/564/8 71/467/8 652/2831/470
f 345/564/8 652/2831/470 657/2832/12
f 682/2829/470 69/437/11 344/796/11
f 683/2833/12 682/2829/470 344/796/11
f 345/564/8 657/2832/12 655/2834/271
f 345/564/8 655/2834/271 685/2835/12
f 684/2836/471 683/2833/12 344/796/11
f 345/564/8 685/2835/12 656/838/271
f 656/838/271 684/2836/471 344/796/11
f 686/2837/271 652/2831/470 71/467/8
f 71/467/8 69/437/11 651/2830/12
f 71/467/8 651/2830/12 691/2838/472
f 687/2839/473 686/2837/271 71/467/8
f 653/2840/474 687/2839/473 71/467/8
f 71/467/8 691/2838/472 690/2841/112
f 71/467/8 690/2841/112 654/2842/475
f 688/840/298 653/2840/474 71/467/8
f 71/467/8 654/2842/475 689/839/297
f 887/2843/77 888/842/77 28/489/78
f 343/580/74 30/492/74 889/2844/77
f 343/580/74 889/2844/77 894/2845/77
f 887/2843/77 28/489/78 342/640/78
f 893/2846/77 887/2843/77 342/640/78
f 343/580/74 894/2845/77 892/841/77
f 892/841/77 893/2846/77 342/640/78
f 890/2847/268 889/2844/77 30/492/74
f 30/492/74 28/489/78 888/842/77
f 891/843/268 890/2847/268 30/492/74
f 952/2848/29 951/2849/29 62/507/113
f 62/507/113 61/506/25 955/844/29
f 953/845/29 952/2848/29 62/507/113
f 954/2850/29 955/844/29 61/506/25
f 341/616/113 62/507/113 951/2849/29
f 341/616/113 951/2849/29 956/2851/29
f 954/2850/29 61/506/25 340/615/25
f 958/2852/29 954/2850/29 340/615/25
f 341/616/113 956/2851/29 957/846/29
f 957/846/29 958/2852/29 340/615/25
f 406/847/299 397/861/299 398/848/113
f 407/849/78 374/872/78 375/850/74
f 408/664/11 385/874/11 399/851/8
f 409/852/5 379/893/5 403/680/5
f 410/854/62 376/866/62 377/855/59
f 411/542/92 387/877/92 388/856/87
f 412/669/1 400/888/1 386/857/4
f 413/536/300 378/876/300 379/858/301
f 414/860/302 401/2853/302 397/861/299
f 415/862/41 380/873/41 381/863/39
f 416/581/71 390/881/71 391/865/69
f 417/653/65 392/887/65 376/866/62
f 418/560/85 389/879/85 372/867/82
f 419/599/303 404/883/303 393/869/47
f 420/610/19 382/884/19 383/870/16
f 421/871/80 373/892/80 374/872/78
f 422/702/44 394/890/44 380/873/41
f 423/686/13 384/889/13 385/874/11
f 424/544/36 402/878/36 395/875/304
f 430/535/59 377/855/59 378/876/300
f 432/541/4 386/857/4 387/877/92
f 433/864/39 381/863/39 402/878/36
f 431/559/87 388/856/87 389/879/85
f 428/665/8 399/851/8 405/880/5
f 427/641/74 375/850/74 390/881/71
f 429/882/305 403/2854/305 404/883/303
f 426/609/113 398/848/113 382/884/19
f 425/885/78 396/663/78 401/662/78
f 434/652/69 391/865/69 392/887/65
f 439/565/5 405/880/5 400/888/1
f 437/685/16 383/870/16 384/889/13
f 436/701/47 393/869/47 394/890/44
f 438/714/304 395/875/304 396/891/306
f 435/868/82 372/867/82 373/892/80
f 370/748/98 369/545/98 424/544/98
f 368/684/98 423/686/98 408/664/98
f 355/800/98 367/700/98 422/702/98
f 366/742/98 421/871/98 407/849/98
f 365/758/98 364/608/98 420/610/98
f 362/600/98 419/599/98 436/701/98
f 360/558/98 418/560/98 435/868/98
f 347/694/98 359/651/98 417/653/98
f 358/763/98 357/582/98 416/581/98
f 356/543/98 355/800/98 415/862/98
f 354/713/98 414/860/98 406/847/98
f 346/598/98 353/534/98 413/536/98
f 366/742/98 361/741/98 435/868/98
f 491/974/29 492/2860/29 504/975/29
f 497/977/75 493/980/75 503/978/75
f 493/980/250 494/990/250 501/981/250
f 504/982/309 492/2861/309 496/983/309
f 506/985/310 498/986/310 497/977/310
f 505/984/98 496/983/98 498/986/98
f 495/987/250 491/2862/250 499/988/250
f 494/990/250 495/987/250 500/989/250
f 507/991/29 516/2863/29 515/992/29
f 511/994/75 509/2864/75 522/995/75
f 510/997/250 511/994/250 517/996/250
f 521/999/309 513/1004/309 512/1000/309
f 522/995/310 509/2864/310 514/1002/310
f 520/1003/98 514/1002/98 513/1004/98
f 507/1005/250 508/1008/250 519/1006/250
f 508/1008/250 510/997/250 518/998/250
f 571/1061/20 580/2873/20 579/1062/20
f 575/1064/68 573/1071/68 586/1065/68
f 582/1067/250 574/1077/250 575/1064/250
f 577/1068/313 576/2874/313 579/1069/313
f 573/1071/314 578/1073/314 584/1072/314
f 578/1073/98 577/1068/98 585/1070/98
f 580/1074/250 571/2875/250 572/1075/250
f 583/1076/250 572/1075/250 574/1077/250
f 604/1096/17 603/2878/17 616/1097/17
f 609/1099/66 605/2879/66 615/1100/66
f 615/1100/250 605/2879/250 606/1102/250
f 603/1104/315 608/1109/315 617/1105/316
f 610/1107/317 609/1099/317 614/1101/317
f 608/1109/98 610/1107/98 618/1108/98
f 604/1110/250 611/2880/250 612/1111/250
f 606/1102/250 607/1112/250 612/1111/250
f 620/1113/34 619/2881/34 632/1114/34
f 625/1116/81 621/1119/81 631/1117/81
f 621/1119/250 622/1129/250 629/1120/250
f 619/1121/319 624/2882/319 633/1122/320
f 634/1124/321 626/1125/322 625/1116/322
f 633/1122/98 624/2882/98 626/1125/98
f 623/1126/250 620/2883/250 627/1127/250
f 622/1129/250 623/1126/250 628/1128/250
f 659/1183/37 658/2886/37 671/1184/37
f 664/1186/83 660/1189/83 670/1187/83
f 660/1189/250 661/1199/250 668/1190/250
f 671/1191/325 658/2887/325 663/1192/325
f 673/1194/323 665/1195/323 664/1186/323
f 672/1193/98 663/1192/98 665/1195/98
f 662/1196/250 659/2888/250 666/1197/250
f 661/1199/250 662/1196/250 667/1198/250
f 1225/1763/14 1240/2996/14 1239/1764/14
f 1229/1766/63 1224/2997/63 1246/1767/63
f 1228/1769/250 1229/1766/250 1241/1768/250
f 1227/1771/362 1239/2998/362 1245/1772/362
f 1246/1767/361 1224/2997/361 1223/1774/361
f 1244/1775/98 1223/1774/98 1230/1773/98
f 1225/1776/250 1226/1779/250 1243/1777/250
f 1226/1779/250 1228/1769/250 1242/1770/250
f 1219/1780/12 1217/2999/12 1232/1781/12
f 1216/1783/60 1237/1791/60 1233/1784/60
f 1234/1786/250 1220/1796/250 1221/1785/250
f 1222/1787/364 1219/3000/364 1231/1788/364
f 1216/1783/363 1215/1792/363 1238/1790/363
f 1215/1792/98 1222/1787/98 1236/1789/98
f 1232/1793/250 1217/3001/250 1218/1794/250
f 1235/1795/250 1218/1794/250 1220/1796/250
usemtl 
f 1387/1937/9 1400/1938/9 1399/1939/9
f 1389/1940/57 1406/1941/57 1401/1942/57
f 1388/1943/250 1401/1942/250 1402/1944/250
f 1405/1945/373 1387/1946/373 1399/1947/373
f 1406/1941/374 1383/1948/374 1404/1949/374
f 1383/1948/98 1405/1945/98 1404/1949/98
f 1385/1950/250 1403/1951/250 1400/1952/250
f 1386/1953/250 1402/1944/250 1403/1951/250
f 1379/1954/6 1392/1955/6 1391/1956/6
f 1380/1957/55 1398/1958/55 1393/1959/55
f 1381/1960/250 1393/1959/250 1394/1961/250
f 1397/1962/375 1379/1963/375 1391/1964/375
f 1398/1958/376 1375/1965/376 1396/1966/376
f 1396/1966/98 1382/1967/98 1397/1962/98
f 1377/1968/250 1395/1969/250 1392/1970/250
f 1378/1971/250 1394/1961/250 1395/1969/250
f 1387/1937/9 1385/3022/9 1400/1938/9
f 1389/1940/57 1384/3023/57 1406/1941/57
f 1388/1943/250 1389/1940/250 1401/1942/250
f 1405/1945/373 1390/3024/373 1387/1946/373
f 1406/1941/374 1384/3023/374 1383/1948/374
f 1383/1948/98 1390/3024/98 1405/1945/98
f 1385/1950/250 1386/1953/250 1403/1951/250
f 1386/1953/250 1388/1943/250 1402/1944/250
f 1379/1954/6 1377/3025/6 1392/1955/6
f 1380/1957/55 1376/3026/55 1398/1958/55
f 1381/1960/250 1380/1957/250 1393/1959/250
f 1397/1962/375 1382/1967/375 1379/1963/375
f 1398/1958/376 1376/3026/376 1375/1965/376
f 1396/1966/98 1375/1965/98 1382/1967/98
f 1377/1968/250 1378/1971/250 1395/1969/250
f 1378/1971/250 1381/1960/250 1394/1961/250
usemtl 
f 1420/1972/57 1437/1973/57 1419/1974/57
f 1417/1975/9 1432/1976/9 1431/1977/9
f 1418/1978/250 1431/1977/250 1435/1979/250
f 1438/1980/374 1419/1981/374 1437/1982/374
f 1415/1983/373 1436/1984/373 1432/1976/373
f 1436/1984/98 1422/1985/98 1438/1980/98
f 1420/1986/250 1434/1987/250 1433/1988/250
f 1421/1989/250 1435/1979/250 1434/1987/250
f 1412/1990/55 1429/1991/55 1411/1992/55
f 1409/1993/6 1424/1994/6 1423/1995/6
f 1410/1996/250 1423/1995/250 1427/1997/250
f 1430/1998/376 1411/1999/376 1429/2000/376
f 1424/1994/375 1408/2001/375 1428/2002/375
f 1408/2001/98 1430/1998/98 1428/2002/98
f 1412/2003/250 1426/2004/250 1425/2005/250
f 1410/1996/250 1426/2004/250 1413/2006/250
f 1420/1972/57 1433/3027/57 1437/1973/57
f 1417/1975/9 1415/1983/9 1432/1976/9
f 1418/1978/250 1417/1975/250 1431/1977/250
f 1438/1980/374 1422/1985/374 1419/1981/374
f 1415/1983/373 1416/3028/373 1436/1984/373
f 1436/1984/98 1416/3028/98 1422/1985/98
f 1420/1986/250 1421/1989/250 1434/1987/250
f 1421/1989/250 1418/1978/250 1435/1979/250
f 1412/1990/55 1425/3029/55 1429/1991/55
f 1409/1993/6 1407/3030/6 1424/1994/6
f 1410/1996/250 1409/1993/250 1423/1995/250
f 1430/1998/376 1414/3031/376 1411/1999/376
f 1424/1994/375 1407/3030/375 1408/2001/375
f 1408/2001/98 1414/3031/98 1430/1998/98
f 1412/2003/250 1413/2006/250 1426/2004/250
f 1410/1996/250 1427/1997/250 1426/2004/250
usemtl 
f 1449/2007/250 1445/2008/250 1450/2009/250
f 1444/2010/51 1453/2011/51 1443/2012/51
f 1445/2008/250 1451/2013/250 1450/2009/250
f 1446/2014/377 1453/2015/377 1454/2016/377
f 1452/2017/98 1446/2014/98 1454/2016/98
f 1439/2018/378 1452/2017/378 1448/2019/378
f 1441/2020/250 1451/2013/250 1442/2021/250
f 1441/2020/2 1448/2019/2 1447/2022/2
f 1449/2007/250 1444/3032/250 1445/2008/250
f 1444/2010/51 1449/3033/51 1453/2011/51
f 1445/2008/250 1442/2021/250 1451/2013/250
f 1446/2014/377 1443/3034/377 1453/2015/377
f 1452/2017/98 1440/3035/98 1446/2014/98
f 1439/2018/378 1440/3035/378 1452/2017/378
f 1441/2020/250 1447/2022/250 1451/2013/250
f 1441/2020/2 1439/2018/2 1448/2019/2
usemtl 
f 10/2023/379 7/2024/250 4/2025/380
f 7/2024/250 1469/2026/381 1470/2027/250
f 1470/2027/250 1459/2028/250 7/2024/250
f 17/2029/71 1464/2030/71 1463/2031/71
f 23/2032/250 1469/2026/381 10/2023/379
f 18/2033/250 1458/2034/250 1470/2027/250
f 17/2035/382 1463/2036/382 1466/2037/383
f 1455/2038/377 1468/2039/377 1462/2040/377
f 1518/2041/98 15/2042/384 1466/2037/385
f 1466/2037/385 1455/2038/98 1508/2043/98
f 10/2044/386 4/2045/115 1519/2046/387
f 1522/2047/29 15/2048/29 1517/2049/29
f 23/2050/388 10/2044/388 1523/2051/389
f 25/2052/250 23/2050/388 1525/2053/390
f 19/2054/250 23/2032/250 25/2052/250
f 19/2054/250 1457/2055/250 18/2033/250
f 19/2054/250 1526/2056/250 1527/2057/250
f 10/2023/379 1469/2026/381 7/2024/250
f 7/2024/250 1464/2059/392 4/2025/380
f 1470/2027/250 1458/2034/250 1459/2028/250
f 1459/2028/250 1464/2059/392 7/2024/250
f 17/2029/71 4/2045/71 1464/2030/71
f 23/2032/250 18/2033/250 1469/2026/381
f 1470/2027/250 1469/2026/381 18/2033/250
f 18/2033/250 1457/2055/250 1458/2034/250
f 1463/2036/382 1465/3036/476 1466/2037/383
f 1466/2037/383 15/2042/477 17/2035/382
f 1455/2038/377 1467/2065/377 1468/2039/377
f 1518/2041/98 1517/3037/98 15/2042/384
f 1508/2043/98 1518/2041/98 1466/2037/385
f 1466/2037/385 1467/2065/250 1455/2038/98
f 17/2029/29 15/2048/29 1522/2047/29
f 17/2029/29 1522/2047/29 1520/3038/29
f 17/2029/29 1520/3038/29 1519/2046/387
f 4/2045/115 17/2029/29 1519/2046/387
f 1519/2046/387 1521/3039/250 10/2044/386
f 1523/2051/389 1524/3040/250 23/2050/388
f 10/2044/388 1521/3039/250 1523/2051/389
f 1525/2053/390 1526/2056/250 25/2052/250
f 23/2050/388 1524/3040/250 1525/2053/390
f 19/2054/250 18/2033/250 23/2032/250
f 19/2054/250 1456/2069/250 1457/2055/250
f 19/2054/250 25/2052/250 1526/2056/250
usemtl 
f 1459/2028/250 2/2058/391 1464/2059/392
f 13/2060/51 1460/2061/51 1461/2062/51
f 11/2063/377 1461/2064/377 1468/2039/377
f 11/2063/113 1467/2065/113 1466/2037/113
f 1463/2031/393 13/2060/394 11/2066/250
f 1466/2067/250 1465/2068/250 11/2066/250
f 1456/2069/250 1527/2057/250 1504/2070/250
f 1459/2028/250 1460/3041/250 2/2058/391
f 13/2060/51 2/3042/51 1460/2061/51
f 1468/2039/377 1467/2065/377 11/2063/377
f 11/2063/377 13/3043/377 1461/2064/377
f 1461/2064/377 1462/2040/377 1468/2039/377
f 1463/2031/393 1464/2030/113 2/3042/113
f 11/2066/250 1465/2068/250 1463/2031/393
f 1463/2031/393 2/3042/113 13/2060/394
f 1456/2069/250 19/2054/250 1527/2057/250
usemtl 
f 1473/2071/250 1483/2072/250 1480/2073/250
f 1475/2074/395 1480/2075/395 1479/2076/395
f 1474/2077/250 1482/2078/250 1483/2072/250
f 1484/2079/396 1475/2080/396 1479/2081/396
f 1486/2082/98 1478/2083/98 1484/2079/98
f 1485/2084/397 1471/2085/397 1486/2082/397
f 1476/2086/250 1481/2087/250 1482/2078/250
f 1472/2088/398 1481/2087/398 1477/2089/398
f 1473/2071/250 1474/2077/250 1483/2072/250
f 1475/2074/395 1473/3044/395 1480/2075/395
f 1474/2077/250 1476/2086/250 1482/2078/250
f 1484/2079/396 1478/2083/396 1475/2080/396
f 1486/2082/98 1471/2085/98 1478/2083/98
f 1485/2084/397 1472/2088/397 1471/2085/397
f 1476/2086/250 1477/2089/250 1481/2087/250
f 1472/2088/398 1485/2084/398 1481/2087/398
usemtl 
f 1490/2090/250 1495/2091/250 1499/2092/250
f 1489/2093/395 1496/2094/395 1495/2095/395
f 1493/2096/250 1499/2092/250 1498/2097/250
f 1496/2098/396 1488/2099/396 1500/2100/396
f 1500/2100/98 1494/2101/98 1501/2102/98
f 1491/2103/397 1501/2102/397 1494/2101/397
f 1492/2104/250 1498/2097/250 1497/2105/250
f 1492/2104/398 1502/2106/398 1491/2103/398
f 1490/2090/250 1489/3045/250 1495/2091/250
f 1489/2093/395 1487/3046/395 1496/2094/395
f 1493/2096/250 1490/2090/250 1499/2092/250
f 1496/2098/396 1487/3047/396 1488/2099/396
f 1500/2100/98 1488/2099/98 1494/2101/98
f 1491/2103/397 1502/2106/397 1501/2102/397
f 1492/2104/250 1493/2096/250 1498/2097/250
f 1492/2104/398 1497/2105/398 1502/2106/398
usemtl 
f 1512/2107/250 1521/2108/250 1519/2109/250
f 1516/2110/399 1519/2111/399 1520/2112/399
f 1513/2113/250 1524/2114/250 1523/2115/250
f 1514/2116/400 1517/2117/401 1518/2118/402
f 1514/2116/98 1506/2119/98 1515/2120/98
f 1515/2120/403 1505/2121/403 1509/2122/403
f 1510/2123/250 1504/2124/250 1526/2125/404
f 1510/2123/405 1505/2121/405 1503/2126/405
f 1519/2109/250 1511/3048/250 1512/2107/250
f 1512/2107/250 1523/2115/250 1521/2108/250
f 1516/2110/399 1511/3049/399 1519/2111/399
f 1523/2115/250 1512/2107/250 1513/2113/250
f 1513/2113/250 1525/3050/250 1524/2114/250
f 1508/3051/478 1507/3052/478 1514/2116/400
f 1514/2116/400 1516/3053/400 1520/3054/400
f 1514/2116/400 1520/3054/400 1522/3055/400
f 1518/2118/402 1508/3051/478 1514/2116/400
f 1514/2116/400 1522/3055/400 1517/2117/401
f 1514/2116/98 1507/3052/98 1506/2119/98
f 1515/2120/403 1506/2119/403 1505/2121/403
f 1525/3050/250 1513/2113/250 1510/2123/250
f 1510/2123/250 1503/2126/250 1504/2124/250
f 1504/2124/250 1527/3056/479 1526/2125/404
f 1526/2125/404 1525/3050/250 1510/2123/250
f 1510/2123/405 1509/2122/405 1505/2121/405
